artist_1	artist_2	count	song_ids
Calvin Harris	Funk Wav	10	['0P6AWOA4LG1XOctzaVu5tt', '7iDxZ5Cd0Yg08d4fI5WVtG', '5bcTCxgc7xVfSaMV3RuVke', '0Ws8D3EWUDgY962Xftb0h5', '60APt5N2NRaKWf5xzJdzyC', '4KaIJ1FWXUoAAnOts1YWjD', '0lMbuWUpfTWhEmOKxppEau', '0pJPdSVti6cTM1Q6xYGmcf', '7tr2za8SQg2CI8EDgrdtNl', '08Wc3X7XNSyF8WYBPt2L8E']
Quavo	Travis Scott	6	['2GByM82VgSrwywP6MVZmsm', '4vwfOiyWxXeEdx4ejAJgdx', '2bjwRfXMk4uRgOD9IBYl9h', '7CRVv14VLogIh8BZLcRpJM', '4ceMuukXWzAQRYRYXalJMS', '3Ytr1SUCUi6J3L9dRFx5iH']
Maroon 5	SZA	6	['04JL2liXXV9B9coeGuUsPw', '5SDCeGVT08a1RMXIBJF2O5', '3hBBKuWJfxlIlnd9QFoC8k', '6YVpU5vVxezJCYeQUxIkRT', '4nYsmWkuTaowTMy4gskmBw', '4mxWSdf71VFO52qFeY0fZt']
A$AP Rocky	Mura Masa	5	['7Kq16WtEJzdRSNQgdXsn7Y', '3sTN90bIP2cJ1783ctHykO', '0t2myRMEMCi2SRyg5TEFLp', '23e6ly5nFanMQOk4cAwJj2', '5v9N8Rx3QsFvr50cxyQcA3']
Daft Punk	The Weeknd	4	['5aAx2yezTd8zXrkmtKl66Z', '6L778PA16SuyYvFhqnMndY', '7MXVkk9YMctZqd1Srtv4MB', '5GXAXm5YOmYT0kL5jHvYBt']
Flume	KUČKA	4	['4lxy9f7o28AEttUFHXwe9P', '5JpvSu9jWCsHiOFGSJJH2u', '3cdcT7I1xnQqQ84zMCtrKU', '6xjvU0KLzQ1cnLBwo2anf7']
Huncho Jack	Quavo	4	['7CRVv14VLogIh8BZLcRpJM', '4ceMuukXWzAQRYRYXalJMS', '2GByM82VgSrwywP6MVZmsm', '4vwfOiyWxXeEdx4ejAJgdx']
Huncho Jack	Travis Scott	4	['7CRVv14VLogIh8BZLcRpJM', '4ceMuukXWzAQRYRYXalJMS', '2GByM82VgSrwywP6MVZmsm', '4vwfOiyWxXeEdx4ejAJgdx']
Metro Boomin	Offset	4	['6kig1UFggPUyZBCvXD3Wod', '5u6vkDnOyaf8LsteDAj2ub', '7sO5G9EABYOXQKNPNiE9NR', '0tdCy39PgWN8LFWu34ORn3']
A$AP Rocky	Playboi Carti	4	['5QqyRUZeBE04yJxsD1OC0I', '6kl1qtQXQsFiIWRBK24Cfp', '0T8qHE4gQPf8g9KjvjNmDq', '35dgKHT2TLjpXAIFUPlGv2']
Jonas Blue	William Singe	3	['0NiXXAI876aGImAd6rTj8w', '4GEQd6D1NeNjpf0pbOgJSO', '4xlrALxuaCf9yZBHJeTSG6']
Calvin Harris	Pharrell Williams	3	['1N90cV79gbBgO0bOs74Y0t', '60APt5N2NRaKWf5xzJdzyC', '5bcTCxgc7xVfSaMV3RuVke']
French Montana	Swae Lee	3	['1F2HXIJrE2Xn81OzT2zZvW', '5Xl8hwINbHKEYBHIU0WL1i', '3B54sVLJ402zGa6Xm4YGNe']
Macklemore	Macklemore & Ryan Lewis	3	['3bidbhpOYeV4knp8AIu8Xn', '01uqI4H13Gsd8Lyl1EYd8H', '5pfJsMwoRYKampPay8amX0']
Macklemore	Ryan Lewis	3	['3bidbhpOYeV4knp8AIu8Xn', '01uqI4H13Gsd8Lyl1EYd8H', '5pfJsMwoRYKampPay8amX0']
Macklemore & Ryan Lewis	Ryan Lewis	3	['3bidbhpOYeV4knp8AIu8Xn', '01uqI4H13Gsd8Lyl1EYd8H', '5pfJsMwoRYKampPay8amX0']
Halsey	Lauren Jauregui	3	['0C7RxcoJUdt0EDtQLuOFc6', '11EDhDAVDtGPoSar6ootYA', '4C5ewaZ05vyXM23jFJdwd4']
Katy Perry	Skip Marley	3	['5pD9x23lsoQr464mlmaKNJ', '6520aj0B4FSKGVuKNsOCOi', '5ndfVSDyPq90jaIUhNPeby']
Hailee Steinfeld	Machine Gun Kelly	3	['77lGafvlU68CeHgB2pkHC9', '0BSd5u6lQJWDoNVMuBYBiA', '5DEp4UmhxN7OLnYQacWZhh']
A$AP Rocky	Lana Del Rey	3	['5QqyRUZeBE04yJxsD1OC0I', '0T8qHE4gQPf8g9KjvjNmDq', '35dgKHT2TLjpXAIFUPlGv2']
Lana Del Rey	Playboi Carti	3	['5QqyRUZeBE04yJxsD1OC0I', '0T8qHE4gQPf8g9KjvjNmDq', '35dgKHT2TLjpXAIFUPlGv2']
Matoma	The Vamps	3	['4b4KcovePX8Ke2cLIQTLM0', '1yNyoWWWikbLhwIGWjZuDW', '0dXNQ8dckG4eYfEtq9zcva']
Khalid	Lorde	3	['2rE9TX3VQ0WNt7kziFhKep', '69Naniu2KjKjaQOBUagE8U', '7rdUtXasA973gmrr2Xxh3E']
Khalid	Post Malone	3	['2rE9TX3VQ0WNt7kziFhKep', '69Naniu2KjKjaQOBUagE8U', '7rdUtXasA973gmrr2Xxh3E']
Khalid	SZA	3	['2rE9TX3VQ0WNt7kziFhKep', '69Naniu2KjKjaQOBUagE8U', '7rdUtXasA973gmrr2Xxh3E']
Lorde	Post Malone	3	['2rE9TX3VQ0WNt7kziFhKep', '69Naniu2KjKjaQOBUagE8U', '7rdUtXasA973gmrr2Xxh3E']
Lorde	SZA	3	['2rE9TX3VQ0WNt7kziFhKep', '69Naniu2KjKjaQOBUagE8U', '7rdUtXasA973gmrr2Xxh3E']
Post Malone	SZA	3	['2rE9TX3VQ0WNt7kziFhKep', '69Naniu2KjKjaQOBUagE8U', '7rdUtXasA973gmrr2Xxh3E']
Jax Jones	RAYE	3	['4WrS6vezaPwOafKJmHqMEU', '7M16mAuWuFA5rC9HvkXaGx', '00lNx0OcTJrS3MKHcB80HY']
Frank Ocean	Tyler, The Creator	3	['6KuXb26rHuRy3ZDse1VRmx', '1pGAvZo2axYXAXYiSeYEqY', '4bEcoz1OcfMgUbp2ft8ieQ']
Beyoncé	Eminem	3	['5PIBgH1cUFwu5IiUk9tnN9', '7zLGHiDWd9T1Rxw4PQCb13', '5b2QnYcT9rQIkhRWt4HztQ']
Lana Del Rey	The Weeknd	3	['5LYQSNHZxEA880URXFHg6h', '4L7Y2OAPiY2I2GndZjAs5K', '0mt02gJ425Xjm7c3jYkOBn']
CADE	Cheat Codes	3	['1NDxZ7cFAo481dtYWdrUnR', '39IsH7B5byx8NRlEKlZVg9', '3mdGvKHF7Lmkp3CbyGyWWf']
Gucci Mane	Migos	3	['1XRgIKC5TPwo7nWGyKqgG0', '1HTtUBEY3tuw2btgwwI2Ja', '6p8NuHm8uCGnn2Dtbtf7zE']
Lil Wayne	Ty Dolla $ign	3	['0rlFL6bxIWcCn9gk9GExFA', '4dASQiO1Eoo3RJvt74FtXB', '270aLuFCbX32hhBr8MQyPM']
Calvin Harris	Travis Scott	3	['4vv1KjUzPwrtDbozizSfQc', '6LOCAhFzZiavHcLJucLuDy', '4KaIJ1FWXUoAAnOts1YWjD']
Chance the Rapper	Lil Wayne	3	['3DXncPQOG4VBw3QHh3S817', '0v9Wz8o0BT8DU38R4ddjeH', '72Q0FQQo32KJloivv5xge2']
Chance the Rapper	Justin Bieber	3	['3DXncPQOG4VBw3QHh3S817', '72Q0FQQo32KJloivv5xge2', '3eze1OsZ1rqeXkKStNfTmi']
NOTD	Shawn Mendes	3	['0n7kGBIfea9zdbXvYlqiGM', '5ETXBavoEIZcPVIVjeMP1E', '2nCEN5q18oVaSpEdPdnRod']
Nicki Minaj	Yo Gotti	2	['6c7D34787LOtPm8tzhsLgH', '4knL4iPxPOZjQzTUlELGSY']
Katy Perry	Nicki Minaj	2	['3VRk65lHSwqd90TAkQqhvB', '2kVHAQKVtczchKctctzbtK']
Demi Lovato	Jax Jones	2	['6yf3MxEOScNBTYCHOAIiNQ', '0XfOi87h82i09rQjWYG0Bm']
Demi Lovato	Stefflon Don	2	['6yf3MxEOScNBTYCHOAIiNQ', '0XfOi87h82i09rQjWYG0Bm']
Jax Jones	Stefflon Don	2	['6yf3MxEOScNBTYCHOAIiNQ', '0XfOi87h82i09rQjWYG0Bm']
Funk Wav	Pharrell Williams	2	['60APt5N2NRaKWf5xzJdzyC', '5bcTCxgc7xVfSaMV3RuVke']
Ed Sheeran	Eminem	2	['1cS0TgbR263ey9jn0MwD2s', '5UEnHoDYpsxlfzWLZIc7LD']
Eminem	Kehlani	2	['4xs1uoAjiWAEecX9yKGSF6', '6Ww0J5EFjiPxkgZpEkRQVN']
A$AP Rocky	Tyler, The Creator	2	['1a0wEEHipnBR7WOHFA6ucQ', '21yRtB6B8EMounImAfHRCP']
Flume	Tove Lo	2	['3sBfXJVKKUWyKqEUsrYiNO', '4sQMalN597HdggTu196aL0']
Daddy Yankee	Luis Fonsi	2	['5CtI0qwDJkDQGwXD1H1cLb', '4aWmUDTfIPGksMNLV2rQP2']
Beyoncé	JAY-Z	2	['3OoZagIW3YK8vjt0ws6NOI', '0WqIKmW4BTrj3eJFmnCKMv']
Ariana Grande	Future	2	['6yL2kTsdVwYnGwPkKGtMd5', '3FiE2d325mIOc4YjkSLVJR']
Quintino	R3HAB	2	['4Ux0Y0eQYv4HJPvuxioosx', '3gfmFoJgmn9LiIj5mV8oSS']
Jon Bellion	Vice	2	['542Xd5qDeLBvgXZXhfW7LE', '5pvVAwQbuFoR7LkcicrKnk']
Chris Brown	Future	2	['2XdgSB4TtzUHQYCMfSHbFI', '0NZUqq4iLQddokgtiC44Kb']
G-Eazy	Halsey	2	['3YU6vJbjYUG0tiJyXf9x5V', '5k38wzpLb15YgncyWdTZE4']
Eminem	X Ambassadors	2	['5p9ufaI7TwrlXtmiKCz3q3', '3GOjD8hwXOxbTF3apTqSqX']
Calvin Harris	Future	2	['3FDrI0FLKzrYQiWxPhqV2W', '0lMbuWUpfTWhEmOKxppEau']
Calvin Harris	Khalid	2	['3FDrI0FLKzrYQiWxPhqV2W', '0lMbuWUpfTWhEmOKxppEau']
Future	Khalid	2	['3FDrI0FLKzrYQiWxPhqV2W', '0lMbuWUpfTWhEmOKxppEau']
Drake	Rihanna	2	['14WWzenpaEgQZlqPq2nk4v', '11KJSRSgaDxqydKYiD2Jew']
21 Savage	Post Malone	2	['7wGoVu4Dady5GV0Sv4UIsx', '1OmcAT5Y8eg5bUPv9qJT4R']
Grey	Hailee Steinfeld	2	['1qOLh0tI7trd1zdDKxYZTe', '6875MeXyCW0wLyT72Eetmo']
Grey	Zedd	2	['1qOLh0tI7trd1zdDKxYZTe', '6875MeXyCW0wLyT72Eetmo']
Hailee Steinfeld	Zedd	2	['1qOLh0tI7trd1zdDKxYZTe', '6875MeXyCW0wLyT72Eetmo']
Miguel	Travis Scott	2	['5WoaF1B5XIEnWfmb5NZikf', '1DRW9bQzt2SE8f7H4KJZyL']
Dua Lipa	Martin Garrix	2	['0KR2W3St74th8z3LS94Ffh', '3ebXMykcMXOcLeJ9xZ17XH']
Blackstreet	Dr. Dre	2	['7ygfhHBOf63eYK0WSEzOP9', '6MdqqkQ8sSC0WB4i8PyRuQ']
Fifth Harmony	Gucci Mane	2	['7LEydI5NfjY6mZfKwYIptZ', '20H2Hd5AkUcRjB4yL3UQtJ']
Alessia Cara	Khalid	2	['5aFQU3VPCQ3YGfKBA4tLfj', '5tz69p7tJuGPeMGwNTxYuV']
Alessia Cara	Logic	2	['5aFQU3VPCQ3YGfKBA4tLfj', '5tz69p7tJuGPeMGwNTxYuV']
Khalid	Logic	2	['5aFQU3VPCQ3YGfKBA4tLfj', '5tz69p7tJuGPeMGwNTxYuV']
CNCO	Little Mix	2	['3zoYkqS4y2BsGVShPL2nTE', '5PB8zB1MOZASboLquvinMF']
Calvin Harris	Frank Ocean	2	['6gpcs5eMhJwax4mIfKDYQk', '7tr2za8SQg2CI8EDgrdtNl']
Calvin Harris	Migos	2	['6gpcs5eMhJwax4mIfKDYQk', '7tr2za8SQg2CI8EDgrdtNl']
Frank Ocean	Migos	2	['6gpcs5eMhJwax4mIfKDYQk', '7tr2za8SQg2CI8EDgrdtNl']
Future	Kendrick Lamar	2	['6dVZCbi9CYtD9LjAHXRjIG', '6DB2KOEwHnjkgEnBt5SdeJ']
21 Savage	Metro Boomin	2	['0tdCy39PgWN8LFWu34ORn3', '5u6vkDnOyaf8LsteDAj2ub']
21 Savage	Offset	2	['0tdCy39PgWN8LFWu34ORn3', '5u6vkDnOyaf8LsteDAj2ub']
JP Cooper	Jonas Blue	2	['5bZtRlMBU76vHuDOb1GM5u', '1CUVN2kn7mW5FjkqXTR2W1']
Alesso	Florida Georgia Line	2	['5Gu0PDLN4YJeW75PpBSg9p', '5AEtlRudpgdT5FtNiuly6Y']
Alesso	Hailee Steinfeld	2	['5Gu0PDLN4YJeW75PpBSg9p', '5AEtlRudpgdT5FtNiuly6Y']
Alesso	WATT	2	['5Gu0PDLN4YJeW75PpBSg9p', '5AEtlRudpgdT5FtNiuly6Y']
Florida Georgia Line	Hailee Steinfeld	2	['5Gu0PDLN4YJeW75PpBSg9p', '5AEtlRudpgdT5FtNiuly6Y']
Florida Georgia Line	WATT	2	['5Gu0PDLN4YJeW75PpBSg9p', '5AEtlRudpgdT5FtNiuly6Y']
Hailee Steinfeld	WATT	2	['5Gu0PDLN4YJeW75PpBSg9p', '5AEtlRudpgdT5FtNiuly6Y']
Frank Ocean	Steve Lacy	2	['1pGAvZo2axYXAXYiSeYEqY', '4bEcoz1OcfMgUbp2ft8ieQ']
Steve Lacy	Tyler, The Creator	2	['1pGAvZo2axYXAXYiSeYEqY', '4bEcoz1OcfMgUbp2ft8ieQ']
Cashmere Cat	Tory Lanez	2	['2wDjpPW3HZdA9quPPmZAMu', '5n6PtOoeGzBeKFDeGNozLd']
Kygo	The Night Game	2	['1Bxzw8ag71snOU9IbhXVD6', '2UxfcZJCphbEkfbZ6nLiDx']
MIMI	NEIKED	2	['08QmhAybC6VHeG8gah84qA', '458ESscRcqCVX1xbllEmPn']
Major Lazer	MØ	2	['6DNtNfH8hXkqOX1sjqmI7p', '4WjH9Bzt3kx7z8kl0awxh4']
Ariana Grande	Cashmere Cat	2	['4Q5yMlwAfAoitqg4r9oZHN', '4rwqrKdwlFWJ6LvPYaOtgn']
KAYTRANADA	Nick Murphy	2	['7JzXmXuqPRJNClCdOAE1Ah', '5zoov7npvhFU89zmzdMvYF']
Calvin Harris	Rihanna	2	['3x2yq9JFjOQpqbW4uSBMcD', '0azC730Exh71aQlOt9Zj3y']
Hilltop Hoods	Montaigne	2	['6oSmp7qnvAxUXeUKhl67a6', '1ssei2vih8N5QnPpxI5TQ7']
Hilltop Hoods	Tom Thum	2	['6oSmp7qnvAxUXeUKhl67a6', '1ssei2vih8N5QnPpxI5TQ7']
Montaigne	Tom Thum	2	['6oSmp7qnvAxUXeUKhl67a6', '1ssei2vih8N5QnPpxI5TQ7']
Dakota	Jonas Blue	2	['6OZh916QF8XNunWaP97WEZ', '2mCF8L0brIs88eH6Kf2h9p']
Emily Warren	The Chainsmokers	2	['1pJQAHpD51J7GYaFrrFO9S', '6V9kwssTrwkKT72imgowj9']
Camila Cabello	Quavo	2	['3Ytr1SUCUi6J3L9dRFx5iH', '4xBjsLUSjcx2h7PcRikpQp']
Macklemore	Skylar Grey	2	['0CokSRCu5hZgPxcZBaEzVE', '3HVr6jTVwBHBa2flM0eURR']
Lil Yachty	Macklemore	2	['7bsnTsbiwOymZWjPF9v6Di', '0RYXEibxMami3QuT8kn4Iz']
A$AP Rocky	Cardi B	2	['2DQ1ITjI0YoLFzuADN1ZBW', '2Xqd0wUttjueBfdcltADOv']
A$AP Rocky	G-Eazy	2	['2DQ1ITjI0YoLFzuADN1ZBW', '2Xqd0wUttjueBfdcltADOv']
Cardi B	G-Eazy	2	['2DQ1ITjI0YoLFzuADN1ZBW', '2Xqd0wUttjueBfdcltADOv']
G-Eazy	Marc E. Bassy	2	['1Bqxj0aH5KewYHKUg1IdrF', '4QdovcM8j50QPlyR7tH4xe']
Hugh Jackman	Zac Efron	2	['43ay9lQZ5rfNcOOHhRF2cM', '2cKovq3l6OJjhVVDbVKOsr']
Keala Settle	The Greatest Showman Ensemble	2	['43ay9lQZ5rfNcOOHhRF2cM', '2xGjteMU3E1tkEPVFBO08U']
Zac Efron	Zendaya	2	['43ay9lQZ5rfNcOOHhRF2cM', '630sXRhIcfwr2e4RdNtjKN']
Lil Uzi Vert	Oh Wonder	2	['6GNifiuBPrKFpwNBYnooFm', '2eAZfqOm4EnOF9VvN50Tyc']
Katy Perry	Migos	2	['61WbtB6ujkpNAsAf5LjF4b', '14oOKFGuXu8DqvOe1W8vao']
Ryan Riback	Starley	2	['56RVUAFH9NF8zhTZ5A9KVF', '78rIJddV4X0HkNAInEcYde']
Liam Payne	Quavo	2	['6EpRaXYhGOB3fj4V2uDkMJ', '4Ro98RCK90oHqqSZUnTFq5']
CADE	Maggie Lindemann	2	['1NDxZ7cFAo481dtYWdrUnR', '39IsH7B5byx8NRlEKlZVg9']
Cheat Codes	Maggie Lindemann	2	['1NDxZ7cFAo481dtYWdrUnR', '39IsH7B5byx8NRlEKlZVg9']
J Balvin	Willy William	2	['7fwXWKdDNI5IutOMc5OKYw', '2rb5MvYT7ZIxbKW5hfcHx8']
Lil Wayne	The-Dream	2	['0rlFL6bxIWcCn9gk9GExFA', '270aLuFCbX32hhBr8MQyPM']
The-Dream	Ty Dolla $ign	2	['0rlFL6bxIWcCn9gk9GExFA', '270aLuFCbX32hhBr8MQyPM']
Eminem	PHresher	2	['13aKdwvdGjuZDv2OOKyvs7', '2MdMjF20umbTe4y2FgdnG8']
BloodPop®	Justin Bieber	2	['7iNIg7XDEaYECfWD5dJ9Va', '7nZmah2llfvLDiUjm0kiyz']
Ed Sheeran	Future	2	['3JbSLr2OhsivV46whJyGeb', '2x0WlnmfG39ZuDmstl9xfX']
Ed Sheeran	Taylor Swift	2	['3JbSLr2OhsivV46whJyGeb', '2x0WlnmfG39ZuDmstl9xfX']
Future	Taylor Swift	2	['3JbSLr2OhsivV46whJyGeb', '2x0WlnmfG39ZuDmstl9xfX']
Drake	Giggs	2	['6CfrYuD3YRDYdYvH9jNtXY', '2jTujnt0y344ai1rNOywgr']
Gucci Mane	The Weeknd	2	['1tp1xMJ1uaOktksskS0Fzs', '2yuyaYAELoMG4ApV5wJsWR']
Drake	Young Thug	2	['7bJ4mu7MHa3rHiNyKjOoSl', '0xl1w2q4VLojeXp4JfazPL']
Calvin Harris	DJ Khaled	2	['4vv1KjUzPwrtDbozizSfQc', '6LOCAhFzZiavHcLJucLuDy']
Calvin Harris	Jeremih	2	['4vv1KjUzPwrtDbozizSfQc', '6LOCAhFzZiavHcLJucLuDy']
DJ Khaled	Jeremih	2	['4vv1KjUzPwrtDbozizSfQc', '6LOCAhFzZiavHcLJucLuDy']
DJ Khaled	Travis Scott	2	['4vv1KjUzPwrtDbozizSfQc', '6LOCAhFzZiavHcLJucLuDy']
Jeremih	Travis Scott	2	['4vv1KjUzPwrtDbozizSfQc', '6LOCAhFzZiavHcLJucLuDy']
GRAACE	Hayden James	2	['1jJtDLctkzilPae8saJe37', '4bJzIbze97tZwCxxMw4hx9']
Chance the Rapper	DJ Khaled	2	['3DXncPQOG4VBw3QHh3S817', '72Q0FQQo32KJloivv5xge2']
Chance the Rapper	Quavo	2	['3DXncPQOG4VBw3QHh3S817', '72Q0FQQo32KJloivv5xge2']
DJ Khaled	Justin Bieber	2	['3DXncPQOG4VBw3QHh3S817', '72Q0FQQo32KJloivv5xge2']
DJ Khaled	Lil Wayne	2	['3DXncPQOG4VBw3QHh3S817', '72Q0FQQo32KJloivv5xge2']
DJ Khaled	Quavo	2	['3DXncPQOG4VBw3QHh3S817', '72Q0FQQo32KJloivv5xge2']
Justin Bieber	Lil Wayne	2	['3DXncPQOG4VBw3QHh3S817', '72Q0FQQo32KJloivv5xge2']
Justin Bieber	Quavo	2	['3DXncPQOG4VBw3QHh3S817', '72Q0FQQo32KJloivv5xge2']
Lil Wayne	Quavo	2	['3DXncPQOG4VBw3QHh3S817', '72Q0FQQo32KJloivv5xge2']
N.E.R.D	Rihanna	2	['4PpuH4mxL0rD35mOWaLoKS', '6tUgfsOa8PLkoede5nOR7D']
Rex Orange County	Tyler, The Creator	2	['5WNYg3usc6H8N3MBEp4zVk', '33i3xxHB4YSYGYbtJrwwO8']
Michael Bublé	The Puppini Sisters	2	['4qBejt9FeqLI9blHI1Nq1x', '7zM2BFbA4QJjo3vwqp78ym']
Alessia Cara	Zedd	2	['0dA2Mk56wEzDgegdC6R17g', '0I20rLT2MJDhcF96AjbNYo']
Ariana Grande	Calvin Harris	2	['1N90cV79gbBgO0bOs74Y0t', '60APt5N2NRaKWf5xzJdzyC']
Ariana Grande	Pharrell Williams	2	['1N90cV79gbBgO0bOs74Y0t', '60APt5N2NRaKWf5xzJdzyC']
Ariana Grande	Young Thug	2	['1N90cV79gbBgO0bOs74Y0t', '60APt5N2NRaKWf5xzJdzyC']
Calvin Harris	Young Thug	2	['1N90cV79gbBgO0bOs74Y0t', '60APt5N2NRaKWf5xzJdzyC']
Pharrell Williams	Young Thug	2	['1N90cV79gbBgO0bOs74Y0t', '60APt5N2NRaKWf5xzJdzyC']
99 Percent	Flo Rida	1	['6t2ubAB4iSYOuIpRAOGd4t']
Post Malone	Quavo	1	['3a1lNhkSLSkpJE4MSHpDu9']
Eminem	Nate Dogg	1	['6yr8GiTHWvFfi4o6Q5ebdT']
Kendrick Lamar	Sia	1	['7xHWNBFm6ObGEQPaUxHuKO']
DNCE	Nicki Minaj	1	['2YMyVYNLmFDD0KGtNkkgFa']
Gorillaz	Mavis Staples	1	['44PelqgstAM0lb8rHPKfHq']
Gorillaz	Pusha T	1	['44PelqgstAM0lb8rHPKfHq']
Mavis Staples	Pusha T	1	['44PelqgstAM0lb8rHPKfHq']
Axwell /\ Ingrosso	Kid Ink	1	['11Fo4dAH31K7UZHGqCkCmE']
Kygo	Selena Gomez	1	['3eR23VReFzcdmS7TYCrhCe']
Diplo	Jack Ü	1	['66hayvUbTotekKU3H4ta1f']
Diplo	Justin Bieber	1	['66hayvUbTotekKU3H4ta1f']
Diplo	Skrillex	1	['66hayvUbTotekKU3H4ta1f']
Jack Ü	Justin Bieber	1	['66hayvUbTotekKU3H4ta1f']
Jack Ü	Skrillex	1	['66hayvUbTotekKU3H4ta1f']
Justin Bieber	Skrillex	1	['66hayvUbTotekKU3H4ta1f']
Louane	The Chainsmokers	1	['5xhJmd0I15jFcEdqxfCzKk']
Big Sean	Calvin Harris	1	['5bcTCxgc7xVfSaMV3RuVke']
Big Sean	Funk Wav	1	['5bcTCxgc7xVfSaMV3RuVke']
Big Sean	Katy Perry	1	['5bcTCxgc7xVfSaMV3RuVke']
Big Sean	Pharrell Williams	1	['5bcTCxgc7xVfSaMV3RuVke']
Calvin Harris	Katy Perry	1	['5bcTCxgc7xVfSaMV3RuVke']
Funk Wav	Katy Perry	1	['5bcTCxgc7xVfSaMV3RuVke']
Katy Perry	Pharrell Williams	1	['5bcTCxgc7xVfSaMV3RuVke']
Loote	Martin Jensen	1	['5XiZK7m9PLppgIzJBpw2x5']
Drake	Quavo	1	['2bjwRfXMk4uRgOD9IBYl9h']
Drake	Travis Scott	1	['2bjwRfXMk4uRgOD9IBYl9h']
CMC$	DVBBS	1	['042x9bsUBWW2fJgJ6fUh61']
CMC$	Gia Koka	1	['042x9bsUBWW2fJgJ6fUh61']
DVBBS	Gia Koka	1	['042x9bsUBWW2fJgJ6fUh61']
David Guetta	Justin Bieber	1	['3A7qX2QjDlPnazUsRk5y0M']
Illy	Jenna McDougall	1	['7y9tY47ksjYD5jqffGahf7']
Justin Bieber	Post Malone	1	['0H8XeaJunhvpBdBFIYi6Sh']
Alan Walker	Digital Farm Animals	1	['5yFSF6qQA1rcLsQRnBsZgb']
Alan Walker	Juliander	1	['5yFSF6qQA1rcLsQRnBsZgb']
Alan Walker	Noah Cyrus	1	['5yFSF6qQA1rcLsQRnBsZgb']
Digital Farm Animals	Juliander	1	['5yFSF6qQA1rcLsQRnBsZgb']
Digital Farm Animals	Noah Cyrus	1	['5yFSF6qQA1rcLsQRnBsZgb']
Juliander	Noah Cyrus	1	['5yFSF6qQA1rcLsQRnBsZgb']
Andrelli	Hearts & Colors	1	['04CttTezSnv71USiiG9mIo']
Gorillaz	RAY BLK	1	['67fRHOlaYQQFG67D9DkdnW']
Gorillaz	Rag'n'Bone Man	1	['67fRHOlaYQQFG67D9DkdnW']
Gorillaz	Zebra Katz	1	['67fRHOlaYQQFG67D9DkdnW']
RAY BLK	Rag'n'Bone Man	1	['67fRHOlaYQQFG67D9DkdnW']
RAY BLK	Zebra Katz	1	['67fRHOlaYQQFG67D9DkdnW']
Rag'n'Bone Man	Zebra Katz	1	['67fRHOlaYQQFG67D9DkdnW']
Rik Rok	Shaggy	1	['1lzr43nnXAijIGYnCT8M8H']
Drake	Lil Wayne	1	['7KcGEssn7BnJdTgildK5y0']
Drake	Nicki Minaj	1	['7KcGEssn7BnJdTgildK5y0']
Lil Wayne	Nicki Minaj	1	['7KcGEssn7BnJdTgildK5y0']
JAY-Z	Linkin Park	1	['5sNESr6pQfIhL3krM8CtZn']
Kendrick Lamar	MC Eiht	1	['439TlnnznSiBbQbgXiBqAd']
Justin Jesso	Kygo	1	['0Zbbxnx4SGGHoIow4PpISP']
Chance the Rapper	Snakehips	1	['6TaqooOXAEcijL6G1AWS2K']
Chance the Rapper	Tinashe	1	['6TaqooOXAEcijL6G1AWS2K']
Snakehips	Tinashe	1	['6TaqooOXAEcijL6G1AWS2K']
Dave Glass Animals	Flume	1	['5wGvJfMSrseDdSODu2q5qu']
AFROJACK	Charli XCX	1	['0tPQPaOKM32WgMSbPCYyRH']
AFROJACK	David Guetta	1	['0tPQPaOKM32WgMSbPCYyRH']
AFROJACK	French Montana	1	['0tPQPaOKM32WgMSbPCYyRH']
Charli XCX	David Guetta	1	['0tPQPaOKM32WgMSbPCYyRH']
Charli XCX	French Montana	1	['0tPQPaOKM32WgMSbPCYyRH']
David Guetta	French Montana	1	['0tPQPaOKM32WgMSbPCYyRH']
Macklemore	Mary Lambert	1	['01uqI4H13Gsd8Lyl1EYd8H']
Macklemore & Ryan Lewis	Mary Lambert	1	['01uqI4H13Gsd8Lyl1EYd8H']
Mary Lambert	Ryan Lewis	1	['01uqI4H13Gsd8Lyl1EYd8H']
Eminem	Pink	1	['4hGZxsGcFnuCJXn25EWj5j']
Felix Snow	Kiiara	1	['3QWjljChcOMkRDYSzF33Qr']
Eminem	Skylar Grey	1	['107CfwBqfICzcKur8k7UCA']
David Guetta	Sia	1	['2dOTkLZFbpNXrhc24CnTFd']
2Pac	Talent	1	['33CdK2WiQfodCIHiXfgoLJ']
Lady Gaga	Tony Bennett	1	['4FEzG5IQh9vt6nPhXwwVmj']
CamelPhat	Elderbrook	1	['1HrMWH5GUdK6Yi94rbANJA']
Ariana Grande	John Legend	1	['1KT0xdIjm7t053xByACrrg']
DJ Snake	Justin Bieber	1	['4pdPtRcBmOSQDlJ3Fk945m']
G-Eazy	Kehlani	1	['1Eck97uRMlprKOOJN9oO1E']
Beyoncé	DJ Khaled	1	['3OoZagIW3YK8vjt0ws6NOI']
DJ Khaled	JAY-Z	1	['3OoZagIW3YK8vjt0ws6NOI']
David Guetta	Jamie Scott	1	['0OlnLZY4cmQzT6ZGttvWBM']
David Guetta	Martin Garrix	1	['0OlnLZY4cmQzT6ZGttvWBM']
David Guetta	Romy Dya	1	['0OlnLZY4cmQzT6ZGttvWBM']
Jamie Scott	Martin Garrix	1	['0OlnLZY4cmQzT6ZGttvWBM']
Jamie Scott	Romy Dya	1	['0OlnLZY4cmQzT6ZGttvWBM']
Martin Garrix	Romy Dya	1	['0OlnLZY4cmQzT6ZGttvWBM']
Kirsty MacColl	The Pogues	1	['3VTNVsTTu05dmTsVFrmGpK']
Jillian Edwards	Thomas Gold	1	['5abwHwUhywLGNli5NDcEN7']
Charlie Puth	French Montana	1	['6ju3FaV3aVLzGzwERKZuFK']
City Spud	Nelly	1	['06iMqWThw4w8fTFyccvOwr']
Maluma	Shakira	1	['6mICuAdrwEjh6Y6lroV2Kg']
Macklemore & Ryan Lewis	Wanz	1	['3AYcyxEACnmE6d96RPubID']
Bebe Rexha	Machine Gun Kelly	1	['0OI7AFifLSoGzpb8bdBLLV']
Bebe Rexha	X Ambassadors	1	['0OI7AFifLSoGzpb8bdBLLV']
Machine Gun Kelly	X Ambassadors	1	['0OI7AFifLSoGzpb8bdBLLV']
Icona Pop	Peking Duk	1	['2MK8xQVIFA81r32V4E1MkT']
Huncho Jack	Takeoff	1	['4vwfOiyWxXeEdx4ejAJgdx']
Quavo	Takeoff	1	['4vwfOiyWxXeEdx4ejAJgdx']
Takeoff	Travis Scott	1	['4vwfOiyWxXeEdx4ejAJgdx']
Kyla	Naughty Boy	1	['4aiLpwwZw5Ek9KkBMnt6Zu']
Kyla	Popcaan	1	['4aiLpwwZw5Ek9KkBMnt6Zu']
Naughty Boy	Popcaan	1	['4aiLpwwZw5Ek9KkBMnt6Zu']
Big Sean	Eminem	1	['1MksGqIztTT6M9R1ErKVs8']
Christina Aguilera	Maroon 5	1	['7pYfyrMNPn3wtoCyqcTVoI']
Drake	Metro Boomin	1	['6kig1UFggPUyZBCvXD3Wod']
Drake	Offset	1	['6kig1UFggPUyZBCvXD3Wod']
OneRepublic	Seeb	1	['7aF09WaavZAmAWuUeYxlYD']
Chris Brown	Young Thug	1	['2XdgSB4TtzUHQYCMfSHbFI']
Future	Young Thug	1	['2XdgSB4TtzUHQYCMfSHbFI']
Cookin' On 3 Burners	Kungs	1	['0tICYNayWWhH9GPeFrfjfD']
Flume	ILLENIUM	1	['3sBfXJVKKUWyKqEUsrYiNO']
ILLENIUM	Tove Lo	1	['3sBfXJVKKUWyKqEUsrYiNO']
Kiiara	Linkin Park	1	['104buTcnP2AsxqB7U1FIZ4']
Disclosure	Sam Smith	1	['1BltsyC5W3SAABdxyrDXwi']
Calvin Harris	John Legend	1	['08Wc3X7XNSyF8WYBPt2L8E']
Calvin Harris	Snoop Dogg	1	['08Wc3X7XNSyF8WYBPt2L8E']
Calvin Harris	Takeoff	1	['08Wc3X7XNSyF8WYBPt2L8E']
Funk Wav	John Legend	1	['08Wc3X7XNSyF8WYBPt2L8E']
Funk Wav	Snoop Dogg	1	['08Wc3X7XNSyF8WYBPt2L8E']
Funk Wav	Takeoff	1	['08Wc3X7XNSyF8WYBPt2L8E']
John Legend	Snoop Dogg	1	['08Wc3X7XNSyF8WYBPt2L8E']
John Legend	Takeoff	1	['08Wc3X7XNSyF8WYBPt2L8E']
Snoop Dogg	Takeoff	1	['08Wc3X7XNSyF8WYBPt2L8E']
Halsey	The Chainsmokers	1	['7BKLCZ1jbUBVqRi2FVlTVw']
Gorillaz	Peven Everett	1	['6XGddj522FQRHXEhBtjiJu']
Dr. Dre	Snoop Dogg	1	['20LxTsa6936zOlzTWqoPVt']
Bing Crosby	John Scott Trotter & His Orchestra	1	['4so0Wek9Ig1p6CRCHuINwW']
Bing Crosby	Ken Darby Singers	1	['4so0Wek9Ig1p6CRCHuINwW']
John Scott Trotter & His Orchestra	Ken Darby Singers	1	['4so0Wek9Ig1p6CRCHuINwW']
Galantis	Throttle	1	['5kgqTe1BM720OjU78TGYDw']
Camila Cabello	Young Thug	1	['0ofbQMrRDsUaVKq2mGLEAb']
Alok	Bruno Martini	1	['1a5Yu5L18qNxVhXx38njON']
Alok	Zeeba	1	['1a5Yu5L18qNxVhXx38njON']
Bruno Martini	Zeeba	1	['1a5Yu5L18qNxVhXx38njON']
JAY-Z	Kanye West	1	['2KpCpk6HjXXLb7nnXoXA5O']
Jhené Aiko	The Chainsmokers	1	['0dj1CtyRxZ4bnIT4Q20jNT']
Fetty Wap	Mark Morrison	1	['7aV2mflaASUmGhCErm7kBO']
Fetty Wap	Nevada	1	['7aV2mflaASUmGhCErm7kBO']
Mark Morrison	Nevada	1	['7aV2mflaASUmGhCErm7kBO']
Kesha	Macklemore	1	['2Za1AlJNvksouPPWbXpR2X']
Amy Winehouse	Mark Ronson	1	['4BfRDZLIiznSnwU7DdDL9N']
Funk Wav	Future	1	['0lMbuWUpfTWhEmOKxppEau']
Funk Wav	Khalid	1	['0lMbuWUpfTWhEmOKxppEau']
L D R U	No Way Back	1	['7nHz3gRR443FYAvlKJviia']
L D R U	Savoi	1	['7nHz3gRR443FYAvlKJviia']
No Way Back	Savoi	1	['7nHz3gRR443FYAvlKJviia']
Sam Smith	Yebba	1	['5ZX1X9Rl4zbx1Wwyn3idVD']
Beyoncé	Ed Sheeran	1	['1bhUWB0zJMIKr9yVPrkEuI']
Fuse ODG	Major Lazer	1	['0L7loeTIg6akW84aEQZpCT']
Fuse ODG	Nyla	1	['0L7loeTIg6akW84aEQZpCT']
Major Lazer	Nyla	1	['0L7loeTIg6akW84aEQZpCT']
Alicia Keys	Eminem	1	['2rozzUGTRWqhTa2NzJAl8I']
French Montana	Major Lazer	1	['5Xl8hwINbHKEYBHIU0WL1i']
Major Lazer	Swae Lee	1	['5Xl8hwINbHKEYBHIU0WL1i']
Bliss n Eso	Lee Fields	1	['3jLJRMmwwAJCgx4XoIH4LN']
Kelly Rowland	Nelly	1	['4nthV2eZAXnt4yiJMocLkG']
BAYNK	NÏKA	1	['7j1Q7Xx6Ozn5mUJfrqaSjp']
Gucci Mane	blackbear	1	['53mrVsi49rLHIaKBiSvElG']
Kesha	The Dap-Kings Horns	1	['5wIeuNURiubue1VTcglU57']
Diddy	Mase	1	['4INDiWSKvqSKDEu7mh8HFz']
Diddy	The Notorious B.I.G.	1	['4INDiWSKvqSKDEu7mh8HFz']
Mase	The Notorious B.I.G.	1	['4INDiWSKvqSKDEu7mh8HFz']
Camila Cabello	Machine Gun Kelly	1	['1PSBzsahR2AKwLJgx8ehBj']
Cheat Codes	Demi Lovato	1	['1louJpMmzEicAn7lzDalPW']
Anderson .Paak	Mac Miller	1	['5iUQMwxUPdJBFeGkePtM66']
Dillon Francis	Will Heard	1	['0fMMtO0pOYIGWfbJmrqfVJ']
Busta Rhymes	The Pussycat Dolls	1	['0vupCkmy497h49a74Xsxj1']
Peta And The Wolves	Thundamentals	1	['4ZDhpbB3x4hESa49UCCACS']
Ty Dolla $ign	Zara Larsson	1	['54LGxQGf5LPXNGjtzDZ5IE']
Cash Cash	Digital Farm Animals	1	['3UDXkdQquqCEAJdNAsA1wO']
Cash Cash	Nelly	1	['3UDXkdQquqCEAJdNAsA1wO']
Digital Farm Animals	Nelly	1	['3UDXkdQquqCEAJdNAsA1wO']
James Arthur	Rudimental	1	['6SUocL0caib4mLHe8ZrZzi']
Future	Maroon 5	1	['5NNlUMcOEOdoOIwwaWXv0k']
Avicii	Rita Ora	1	['2OALaHcDdKkjYEpAr0Qzab']
A$AP Rocky	Maroon 5	1	['4OEOEsOhlzDqQuewiuPJAc']
John Williams	Traditional	1	['7FOJKfiyl1tegmYRqs7AuZ']
Skrillex	THEY.	1	['2HJQcyUpmUuvzS5vBAICIc']
Skrillex	ZHU	1	['2HJQcyUpmUuvzS5vBAICIc']
THEY.	ZHU	1	['2HJQcyUpmUuvzS5vBAICIc']
French Montana	Max B	1	['1vVNlXi8gf8tZ7OhnEs4VE']
French Montana	The Weeknd	1	['1vVNlXi8gf8tZ7OhnEs4VE']
Max B	The Weeknd	1	['1vVNlXi8gf8tZ7OhnEs4VE']
Hugh Jackman	Michelle Williams	1	['0RoA7ObU6phWpqhlC9zH4Z']
Hugh Jackman	Ziv Zaifman	1	['0RoA7ObU6phWpqhlC9zH4Z']
Michelle Williams	Ziv Zaifman	1	['0RoA7ObU6phWpqhlC9zH4Z']
Sia	ZAYN	1	['1j4kHkkpqZRBwE0A4CN4Yv']
Akon	Eminem	1	['2kQuhkFX7uSVepCD3h29g5']
John Williams	Mykola Dmytrovych Leontovych	1	['4tHqQMWSqmL6YjXwsqthDI']
Ed Sheeran	Tori Kelly	1	['3vOmmLuvEUgGaVuRsCs2QF']
B. Swanson Quartet	Frank Sinatra	1	['7inXu0Eaeg02VsM8kHNvzM']
Khalid	Marshmello	1	['7vGuf3Y35N4wmASOKLUVVU']
Cheat Codes	David Guetta	1	['1cG0umU5TKStygKsPFZ9pY']
Cheat Codes	Robin Schulz	1	['1cG0umU5TKStygKsPFZ9pY']
David Guetta	Robin Schulz	1	['1cG0umU5TKStygKsPFZ9pY']
Coldplay	Seeb	1	['1OAiWI2oPmglaOiv9fdioU']
21 Savage	Travis Scott	1	['5u6vkDnOyaf8LsteDAj2ub']
Metro Boomin	Travis Scott	1	['5u6vkDnOyaf8LsteDAj2ub']
Offset	Travis Scott	1	['5u6vkDnOyaf8LsteDAj2ub']
Danny Brown	Gorillaz	1	['2W4yTO3qHdqyvbz2UxfIPh']
Danny Brown	Kelela	1	['2W4yTO3qHdqyvbz2UxfIPh']
Gorillaz	Kelela	1	['2W4yTO3qHdqyvbz2UxfIPh']
Clean Bandit	Jess Glynne	1	['6o4BYWzrQvfaFmQhm8Zq2v']
2 Chainz	Cashmere Cat	1	['5n6PtOoeGzBeKFDeGNozLd']
2 Chainz	Starrah	1	['5n6PtOoeGzBeKFDeGNozLd']
2 Chainz	Tory Lanez	1	['5n6PtOoeGzBeKFDeGNozLd']
Cashmere Cat	Starrah	1	['5n6PtOoeGzBeKFDeGNozLd']
Starrah	Tory Lanez	1	['5n6PtOoeGzBeKFDeGNozLd']
Aluna	AlunaGeorge	1	['0lvXfUug5YmOHOyHgXufqF']
Aluna	Peking Duk	1	['0lvXfUug5YmOHOyHgXufqF']
AlunaGeorge	Peking Duk	1	['0lvXfUug5YmOHOyHgXufqF']
Diplo	MØ	1	['68m6iwhKElLTBaGRG1LLwE']
Bob Marley & The Wailers	Bolier	1	['1w5sLDYzYAGI0AkLc6FPlO']
Bob Marley & The Wailers	LVNDSCAPE	1	['1w5sLDYzYAGI0AkLc6FPlO']
Bolier	LVNDSCAPE	1	['1w5sLDYzYAGI0AkLc6FPlO']
KYLE	Lil Yachty	1	['2EEeOnHehOozLq4aS0n6SL']
Ed Sheeran	Rudimental	1	['0vbbhcA6okLzvsy6WSTlLg']
Cardi B	Migos	1	['1YZfcVLbbJwfizR5cDOp3q']
Cardi B	Nicki Minaj	1	['1YZfcVLbbJwfizR5cDOp3q']
Migos	Nicki Minaj	1	['1YZfcVLbbJwfizR5cDOp3q']
Gucci Mane	Selena Gomez	1	['0XLOf9LhyazPX9Ld8jPiUq']
A Boogie Wit da Hoodie	Chris Brown	1	['5gx2E5aIXMRBellPZW1up5']
A Boogie Wit da Hoodie	Kodak Black	1	['5gx2E5aIXMRBellPZW1up5']
A Boogie Wit da Hoodie	Yo Gotti	1	['5gx2E5aIXMRBellPZW1up5']
Chris Brown	Kodak Black	1	['5gx2E5aIXMRBellPZW1up5']
Chris Brown	Yo Gotti	1	['5gx2E5aIXMRBellPZW1up5']
Kodak Black	Yo Gotti	1	['5gx2E5aIXMRBellPZW1up5']
Lana Del Rey	Stevie Nicks	1	['3O7p9Itz8PXUoAjD2vmuM6']
Nick Jonas	Nicki Minaj	1	['4nDfc6F2uVcc6wdG7kBzWO']
DRAM	Lil Yachty	1	['7yyRTcZmCiyzzJlNzGC9Ol']
Emma Louise	Flight Facilities	1	['3uTWxKlgn0RY1nADtabf2j']
SZA	Travis Scott	1	['0q75NwOoFiARAVp4EXU4Bs']
Charli XCX	Lil Yachty	1	['0y8Wf6ltWpGCpgqVa21QNX']
OneRepublic	Timbaland	1	['24nRdDUUIdM2mv1YdwMdu6']
Cedric Gervais	Chris Willis	1	['4PdJSsESm34djLfBde9Pr2']
Cedric Gervais	David Guetta	1	['4PdJSsESm34djLfBde9Pr2']
Chris Willis	David Guetta	1	['4PdJSsESm34djLfBde9Pr2']
Set Mo	Woodes	1	['7AqWd1WJxS1FgKMb4vyL3O']
Gotye	Kimbra	1	['4wCmqSrbyCgxEXROQE6vtV']
Justin Bieber	Major Lazer	1	['6DNtNfH8hXkqOX1sjqmI7p']
Justin Bieber	MØ	1	['6DNtNfH8hXkqOX1sjqmI7p']
Taylor Swift	ZAYN	1	['3NdDpSvN911VPGivFlV5d0']
Kehlani	Lily Allen	1	['7MhomISA7KRK6U7KzeV06v']
Kehlani	Stormzy	1	['7MhomISA7KRK6U7KzeV06v']
Lily Allen	Stormzy	1	['7MhomISA7KRK6U7KzeV06v']
Madelyn Grant	ODESZA	1	['7avUYFehb1GscgCncPdBDK']
NYNE	Paces	1	['6TIgiLQgrTm6sNsgVe8pqX']
Basenji	Tkay Maidza	1	['13ibBXy0LmayKEogmXl1gG']
ROZES	The Chainsmokers	1	['6O6M7pJLABmfBRoGZMu76Y']
CADE	Dastic	1	['4XDpZleldkujOhnwNvgoMX']
Elvis Presley	Martina McBride	1	['7upOqYZUQvA0nyVroaHeSg']
Flume	VIC MENSA	1	['6TSf6gcUmjDeuxzpXEoOlo']
Blackstreet	Queen Pen	1	['6MdqqkQ8sSC0WB4i8PyRuQ']
Dr. Dre	Queen Pen	1	['6MdqqkQ8sSC0WB4i8PyRuQ']
Kali Uchis	Tyler, The Creator	1	['7KA4W4McWYRpgf0fWsJZWB']
Lil Jon	Ludacris	1	['0XUfyU2QviPAs6bxSpXYG4']
Lil Jon	Usher	1	['0XUfyU2QviPAs6bxSpXYG4']
Ludacris	Usher	1	['0XUfyU2QviPAs6bxSpXYG4']
Cash Cash	Conor Maynard	1	['1839RWzPRZCVgvamu4sHSN']
Kendrick Lamar	Rihanna	1	['6SwRhMLwNqEi6alNPVG00n']
Jonas Blue	Moelogo	1	['2PJ55QsqjSVwN2esqfMDFu']
Michael Bublé	Thalia	1	['0kmrXYtFI8cgxsShrJpThx']
RÜFÜS DU SOL	What So Not	1	['4RFjprBGnrl9dkAWuVnKJZ']
Camila Cabello	Major Lazer	1	['3Ytr1SUCUi6J3L9dRFx5iH']
Camila Cabello	Travis Scott	1	['3Ytr1SUCUi6J3L9dRFx5iH']
Major Lazer	Quavo	1	['3Ytr1SUCUi6J3L9dRFx5iH']
Major Lazer	Travis Scott	1	['3Ytr1SUCUi6J3L9dRFx5iH']
Trippie Redd	XXXTENTACION	1	['7AQim7LbvFVZJE3O8TYgf2']
Chris Brown	Gucci Mane	1	['05Z7jet4VDNVgNQWcYHnrk']
Chris Brown	Usher	1	['05Z7jet4VDNVgNQWcYHnrk']
Gucci Mane	Usher	1	['05Z7jet4VDNVgNQWcYHnrk']
DJ Khaled	Drake	1	['2of5xn0GU0TdFneR1saRLH']
DRAM	MAGIC!	1	['4P6tyL5Uom1pIcFtTwO898']
DRAM	Matoma	1	['4P6tyL5Uom1pIcFtTwO898']
MAGIC!	Matoma	1	['4P6tyL5Uom1pIcFtTwO898']
Hailee Steinfeld	Kato	1	['4tX7Nt68zEeb0Lt32ngQR0']
Hailee Steinfeld	Sigala	1	['4tX7Nt68zEeb0Lt32ngQR0']
Kato	Sigala	1	['4tX7Nt68zEeb0Lt32ngQR0']
Chris Crone	SJUR	1	['2jfCy43LsFbCQoB6HyetlY']
Jonas Blue	RAYE	1	['1D3ODoXHBLpdxolZRHWV1j']
Olivia O'Brien	gnash	1	['7vRriwrloYVaoAe3a9wJHe']
Francesco Yates	Robin Schulz	1	['5tf1VVWniHgryyumXyJM7w']
Hugh Jackman	Keala Settle	1	['43ay9lQZ5rfNcOOHhRF2cM']
Hugh Jackman	The Greatest Showman Ensemble	1	['43ay9lQZ5rfNcOOHhRF2cM']
Hugh Jackman	Zendaya	1	['43ay9lQZ5rfNcOOHhRF2cM']
Keala Settle	Zac Efron	1	['43ay9lQZ5rfNcOOHhRF2cM']
Keala Settle	Zendaya	1	['43ay9lQZ5rfNcOOHhRF2cM']
The Greatest Showman Ensemble	Zac Efron	1	['43ay9lQZ5rfNcOOHhRF2cM']
The Greatest Showman Ensemble	Zendaya	1	['43ay9lQZ5rfNcOOHhRF2cM']
Mike Posner	Seeb	1	['17Fd6Yb7mSbinKG8LoWfFl']
Lil Uzi Vert	NAV	1	['790MhTXPFrYkrqCKvpg4t1']
Lil Uzi Vert	Nicki Minaj	1	['6GNifiuBPrKFpwNBYnooFm']
Nicki Minaj	Oh Wonder	1	['6GNifiuBPrKFpwNBYnooFm']
Michael Bublé	Naturally 7	1	['3pRTjSYlsfL3hqG43VolZl']
Jaden	Tyler, The Creator	1	['5SxlUF7J8tyFIEF22EomeP']
Kendrick Lamar	The Weeknd	1	['4h90qkbnW1Qq6pBhoPvwko']
Maren Morris	Niall Horan	1	['65wnZsZLKJimfK1cTFOfa1']
A$AP Mob	A$AP Rocky	1	['6kl1qtQXQsFiIWRBK24Cfp']
A$AP Mob	Frank Ocean	1	['6kl1qtQXQsFiIWRBK24Cfp']
A$AP Mob	Lil Uzi Vert	1	['6kl1qtQXQsFiIWRBK24Cfp']
A$AP Mob	Playboi Carti	1	['6kl1qtQXQsFiIWRBK24Cfp']
A$AP Mob	Quavo	1	['6kl1qtQXQsFiIWRBK24Cfp']
A$AP Rocky	Frank Ocean	1	['6kl1qtQXQsFiIWRBK24Cfp']
A$AP Rocky	Lil Uzi Vert	1	['6kl1qtQXQsFiIWRBK24Cfp']
A$AP Rocky	Quavo	1	['6kl1qtQXQsFiIWRBK24Cfp']
Frank Ocean	Lil Uzi Vert	1	['6kl1qtQXQsFiIWRBK24Cfp']
Frank Ocean	Playboi Carti	1	['6kl1qtQXQsFiIWRBK24Cfp']
Frank Ocean	Quavo	1	['6kl1qtQXQsFiIWRBK24Cfp']
Lil Uzi Vert	Playboi Carti	1	['6kl1qtQXQsFiIWRBK24Cfp']
Lil Uzi Vert	Quavo	1	['6kl1qtQXQsFiIWRBK24Cfp']
Playboi Carti	Quavo	1	['6kl1qtQXQsFiIWRBK24Cfp']
Darren Criss	Glee Cast	1	['5ud4C9PMcwOUnkk4AVE25V']
Rick Ross	Skrillex	1	['6JyuJFedEvPmdWQW0PkbGJ']
Mitchell Ayres & His Orchestra	Perry Como	1	['6IeK3Ap5m3HabwJxgI6eSE']
Mitchell Ayres & His Orchestra	The Fontane Sisters	1	['6IeK3Ap5m3HabwJxgI6eSE']
Perry Como	The Fontane Sisters	1	['6IeK3Ap5m3HabwJxgI6eSE']
Nause	Pretty Sister	1	['2Ae5awwKvQpTBKQHr1TYCg']
Kodak Black	XXXTENTACION	1	['40oKW22ZNNkEdZLJTScaQI']
Bebe Rexha	G-Eazy	1	['40YcuQysJ0KlGQTeGUosTC']
Becky Hill	Matoma	1	['7gZQfdEQpmwAoPHSbEHzms']
Poo Bear	Skrillex	1	['57p8CBvPOxrvyCbn6ttl5r']
Diplo	Sleepy Tom	1	['1Wuwsq0BK4Abd7gRitOhXl']
Beyoncé	J Balvin	1	['7fwXWKdDNI5IutOMc5OKYw']
Beyoncé	Willy William	1	['7fwXWKdDNI5IutOMc5OKYw']
Ne-Yo	Pitbull	1	['2bJvI42r8EF3wxjOuDav4r']
Coldplay	The Chainsmokers	1	['6RUKPb4LETWmmr3iAEQktW']
Mike WiLL Made-It	Nicki Minaj	1	['3y9cCbnBn0zjkJa2YkOj70']
Allday	Japanese Wallpaper	1	['3E1qdST8ADUCxOrodCeOWF']
Emily Warren	FRENSHIP	1	['2XMTqoHHSH0lvuXrvIEdco']
ODESZA	Sasha Alex Sloan	1	['4v0H0JBon5WDXAAQMJU9re']
Chance the Rapper	Knox Fortune	1	['60xaS8mYBKUW4VQQ666N0T']
Nelly Furtado	Timbaland	1	['2gam98EZKrF9XuOkU13ApN']
Anne-Marie	Illy	1	['2bWrml86uwGVvznX8KKtwx']
MØ	Snakehips	1	['0Zx8khUcEfCFK2AEoIhC92']
Blake Shelton	Gwen Stefani	1	['6C81GGUCNbEmR8gMIi0CpH']
Black Coffee	Drake	1	['7y6c07pgjZvtHI9kuMVqk1']
Black Coffee	Jorja Smith	1	['7y6c07pgjZvtHI9kuMVqk1']
Drake	Jorja Smith	1	['7y6c07pgjZvtHI9kuMVqk1']
Clean Bandit	Julia Michaels	1	['2xmrfQpmS2iJExTlklLoAL']
Mimoza	Tyron Hapi	1	['77ngtwBosDuAwiQu8afOOQ']
Flume	Pusha T	1	['1elrRWRsxxN4vdOQXcP7Wz']
Alison Wonderland	M-Phazes	1	['5yRDS8rO2nWrNxcVcsCPl4']
NOTD	Stanaj	1	['3SGWp9fJCzgK0WcpcKSQdy']
Ty Dolla $ign	YG	1	['1Mb187X5w3OUQNH6P5M28Y']
Major Lazer	Nicki Minaj	1	['0fg8CqpjdojMyXLNzM2PaJ']
Major Lazer	PARTYNEXTDOOR	1	['0fg8CqpjdojMyXLNzM2PaJ']
Nicki Minaj	PARTYNEXTDOOR	1	['0fg8CqpjdojMyXLNzM2PaJ']
Hermitude	Mataya	1	['1E0EOstQRm7YMhFpmDJzaB']
Hermitude	Young Tapz	1	['1E0EOstQRm7YMhFpmDJzaB']
Mataya	Young Tapz	1	['1E0EOstQRm7YMhFpmDJzaB']
Imagine Dragons	Lil Wayne	1	['4dASQiO1Eoo3RJvt74FtXB']
Imagine Dragons	Logic	1	['4dASQiO1Eoo3RJvt74FtXB']
Imagine Dragons	Ty Dolla $ign	1	['4dASQiO1Eoo3RJvt74FtXB']
Imagine Dragons	Wiz Khalifa	1	['4dASQiO1Eoo3RJvt74FtXB']
Imagine Dragons	X Ambassadors	1	['4dASQiO1Eoo3RJvt74FtXB']
Lil Wayne	Logic	1	['4dASQiO1Eoo3RJvt74FtXB']
Lil Wayne	Wiz Khalifa	1	['4dASQiO1Eoo3RJvt74FtXB']
Lil Wayne	X Ambassadors	1	['4dASQiO1Eoo3RJvt74FtXB']
Logic	Ty Dolla $ign	1	['4dASQiO1Eoo3RJvt74FtXB']
Logic	Wiz Khalifa	1	['4dASQiO1Eoo3RJvt74FtXB']
Logic	X Ambassadors	1	['4dASQiO1Eoo3RJvt74FtXB']
Ty Dolla $ign	Wiz Khalifa	1	['4dASQiO1Eoo3RJvt74FtXB']
Ty Dolla $ign	X Ambassadors	1	['4dASQiO1Eoo3RJvt74FtXB']
Wiz Khalifa	X Ambassadors	1	['4dASQiO1Eoo3RJvt74FtXB']
The Chainsmokers	XYLØ	1	['0B8B8cVRFIG1yznoQe7c9s']
Shawn Hook	Vanessa Hudgens	1	['4gqMQftUs22F8pOGVn5Acr']
Calvin Harris	SZA	1	['0P6AWOA4LG1XOctzaVu5tt']
Funk Wav	SZA	1	['0P6AWOA4LG1XOctzaVu5tt']
Hot Shade	Mike Perry	1	['1XRTXNP8eLpWXfso8Q4dC5']
Charlie Puth	Selena Gomez	1	['68EMU2RD1ECNeOeJ5qAXCV']
Charlie Puth	G-Eazy	1	['3qk4wRMDlaeagZGjSYbsOV']
Demi Lovato	Luis Fonsi	1	['1zsG4eaZmkA1dvjDDsAGLK']
Ella Eyre	Sigala	1	['3kGfazcbVvVkuZunzlLgTD']
CVBZ	Cheat Codes	1	['5uu28fUesZMl89lf9CLrgN']
CVBZ	Fetty Wap	1	['5uu28fUesZMl89lf9CLrgN']
Cheat Codes	Fetty Wap	1	['5uu28fUesZMl89lf9CLrgN']
Idina Menzel	Michael Bublé	1	['0Ie5uiv54KgCr7P4sYDTHl']
Bebe Rexha	Martin Garrix	1	['04DwTuZ2VBdJCCC5TROn7L']
Emerson Leif	MUTO	1	['78PvTDjd5JVu8NowXpJ8dG']
PARTYNEXTDOOR	ZAYN	1	['000xQL6tZNLJzIrtIgxqSl']
PON CHO	Paige IV	1	['2TdJsyNijI5jUvMnsjQcb3']
Mike Perry	shy martin	1	['2CPqh63wRVscbceKcPxwvv']
Kodak Black	Lil Wayne	1	['4DTpngLjoHj5gFxEZFeD3J']
Kendrick Lamar	Maroon 5	1	['5MFzQMkrl1FOOng9tq6R9r']
Calvin Harris	DRAM	1	['0Ws8D3EWUDgY962Xftb0h5']
Calvin Harris	PARTYNEXTDOOR	1	['0Ws8D3EWUDgY962Xftb0h5']
Calvin Harris	ScHoolboy Q	1	['0Ws8D3EWUDgY962Xftb0h5']
DRAM	Funk Wav	1	['0Ws8D3EWUDgY962Xftb0h5']
DRAM	PARTYNEXTDOOR	1	['0Ws8D3EWUDgY962Xftb0h5']
DRAM	ScHoolboy Q	1	['0Ws8D3EWUDgY962Xftb0h5']
Funk Wav	PARTYNEXTDOOR	1	['0Ws8D3EWUDgY962Xftb0h5']
Funk Wav	ScHoolboy Q	1	['0Ws8D3EWUDgY962Xftb0h5']
PARTYNEXTDOOR	ScHoolboy Q	1	['0Ws8D3EWUDgY962Xftb0h5']
Flume	kai	1	['12REd1n8PeiHHWOh066tpr']
Flume	Vince Staples	1	['4lxy9f7o28AEttUFHXwe9P']
KUČKA	Vince Staples	1	['4lxy9f7o28AEttUFHXwe9P']
Elliphant	Peking Duk	1	['0jVPEBd4wyHupkTHwzQRyc']
David Guetta	Dimitri Vegas	1	['1Sl3njkhhz8nrSPZroDQ82']
David Guetta	Dimitri Vegas & Like Mike	1	['1Sl3njkhhz8nrSPZroDQ82']
David Guetta	Kiiara	1	['1Sl3njkhhz8nrSPZroDQ82']
Dimitri Vegas	Dimitri Vegas & Like Mike	1	['1Sl3njkhhz8nrSPZroDQ82']
Dimitri Vegas	Kiiara	1	['1Sl3njkhhz8nrSPZroDQ82']
Dimitri Vegas & Like Mike	Kiiara	1	['1Sl3njkhhz8nrSPZroDQ82']
Avicii	Sandro Cavazza	1	['6WbADFqMvR8N5u0BvtsWQE']
Calvin Harris	Kehlani	1	['0pJPdSVti6cTM1Q6xYGmcf']
Calvin Harris	Lil Yachty	1	['0pJPdSVti6cTM1Q6xYGmcf']
Funk Wav	Kehlani	1	['0pJPdSVti6cTM1Q6xYGmcf']
Funk Wav	Lil Yachty	1	['0pJPdSVti6cTM1Q6xYGmcf']
Kehlani	Lil Yachty	1	['0pJPdSVti6cTM1Q6xYGmcf']
Kendrick Lamar	U2	1	['4iYRa2btalAzPZoSYfROqF']
DRAM	Gorillaz	1	['2C0KFbb4v9CNWR5c9jWcKC']
Linkin Park	Pusha T	1	['650OeHTLxZAQmb4aEbGmaA']
Linkin Park	Stormzy	1	['650OeHTLxZAQmb4aEbGmaA']
Pusha T	Stormzy	1	['650OeHTLxZAQmb4aEbGmaA']
Dyo	NEIKED	1	['3AsAuGTaDQzavZZThyYlop']
Drake	Future	1	['27GmP9AWRs744SzKcpJsTZ']
Justin Bieber	Mariah Carey	1	['7LRmY1B3Z2N5gXHXFJ5n2a']
Bipolar Sunshine	DJ Snake	1	['4OZEu0Vwq0RB2LAq14v99n']
Eminem	P!nk	1	['3OEer2dQj1eWhSqxatGiru']
Hailee Steinfeld	Marc E. Bassy	1	['4G6eGrUJpmBViXaqLqS1TK']
Szabo	Teddy Cream	1	['0oRfRA3MUFHgIMGSzh3cfY']
Pharrell Williams	Snoop Dogg	1	['2NBQmPrOEEjA8VbeWOQGxO']
Coolio	L.V.	1	['3u9fHuAtjMY1RW2mZfO4Cf']
Joe Moses	Ty Dolla $ign	1	['70mIuBKGTPrWMwWq9D4F56']
J Spooks	J. Davi$	1	['5uDASfU19gDxSjW8cnCaBp']
J Spooks	Rob $tone	1	['5uDASfU19gDxSjW8cnCaBp']
J. Davi$	Rob $tone	1	['5uDASfU19gDxSjW8cnCaBp']
Ed Sheeran	Stormzy	1	['2NHSYwGkAvPHzCinY0KwXo']
Gorillaz	Popcaan	1	['7l9CE3wmEGOUYw1j4ETjnL']
Bebe Rexha	Ty Dolla $ign	1	['4ZJPwET9Jrgpkqi4Vo3Yg8']
Charli XCX	Mura Masa	1	['079gLi9aLvk79QNv3ovswu']
Bebe Rexha	Florida Georgia Line	1	['7iDa6hUg2VgEL1o1HjmfBn']
Lil Uzi Vert	Migos	1	['4Km5HrUvYTaSUfiSGPJeQR']
Liam Payne	Zedd	1	['1CKd1PnqfYx0H12V9MSaIY']
2 Chainz	Chance the Rapper	1	['0v9Wz8o0BT8DU38R4ddjeH']
2 Chainz	Lil Wayne	1	['0v9Wz8o0BT8DU38R4ddjeH']
Akon	Gwen Stefani	1	['26eOTllWPn7oKuDUJnsJwF']
Calvin Harris	Nicki Minaj	1	['7iDxZ5Cd0Yg08d4fI5WVtG']
Funk Wav	Nicki Minaj	1	['7iDxZ5Cd0Yg08d4fI5WVtG']
Kurt Nilsen	The Norwegian Radio Orchestra	1	['74yQRKUunP1sRjnnMks4SG']
Kendrick Lamar	Zacari	1	['6PGoSes0D9eUDeeAafB2As']
BTS	Desiigner	1	['7Ed6BkggCS2KaKY5YlINaF']
BTS	Steve Aoki	1	['7Ed6BkggCS2KaKY5YlINaF']
Desiigner	Steve Aoki	1	['7Ed6BkggCS2KaKY5YlINaF']
Macklemore	Ray Dalton	1	['3bidbhpOYeV4knp8AIu8Xn']
Macklemore & Ryan Lewis	Ray Dalton	1	['3bidbhpOYeV4knp8AIu8Xn']
Ray Dalton	Ryan Lewis	1	['3bidbhpOYeV4knp8AIu8Xn']
Halsey	Justin Bieber	1	['7vldwy3gdhmPRKWSCi8H61']
Kid Cudi	Pharrell Williams	1	['3f2k8op0nWDoZM4pXim6wG']
Bliss n Eso	Gavin James	1	['6SlJooJullmwjBsrnRNROA']
De La Soul	Gorillaz	1	['2RCp9QBnFSxdKe8RD4xF8s']
De La Soul	Kelvin Mercer	1	['2RCp9QBnFSxdKe8RD4xF8s']
Gorillaz	Kelvin Mercer	1	['2RCp9QBnFSxdKe8RD4xF8s']
Flume	Moses Sumney	1	['1chxM1pacjjig8DYmaYNM0']
Ellie Goulding	Kygo	1	['2Gl0FzuLxflY6nPifJp5Dr']
Bliss n Eso	Dizzy Wright	1	['470UpuV1VHinMUBNe0nyzP']
Bliss n Eso	Rob Curly	1	['470UpuV1VHinMUBNe0nyzP']
Dizzy Wright	Rob Curly	1	['470UpuV1VHinMUBNe0nyzP']
Logan Paul	Why Don't We	1	['51w95jAPQDOWN3M7xopWWh']
Anna of the North	Rex Orange County	1	['5WNYg3usc6H8N3MBEp4zVk']
Anna of the North	Tyler, The Creator	1	['5WNYg3usc6H8N3MBEp4zVk']
CADE	Dagny	1	['3mdGvKHF7Lmkp3CbyGyWWf']
Cheat Codes	Dagny	1	['3mdGvKHF7Lmkp3CbyGyWWf']
Future	Rihanna	1	['2Ce5IyMlVRVvN997ZJjJJA']
Daft Punk	Kygo	1	['6L778PA16SuyYvFhqnMndY']
Kygo	The Weeknd	1	['6L778PA16SuyYvFhqnMndY']
John Lennon	The Harlem Community Choir	1	['3zJw3rugfpVrmBeDDnUYzy']
John Lennon	The Plastic Ono Band	1	['3zJw3rugfpVrmBeDDnUYzy']
John Lennon	Yoko Ono	1	['3zJw3rugfpVrmBeDDnUYzy']
The Harlem Community Choir	The Plastic Ono Band	1	['3zJw3rugfpVrmBeDDnUYzy']
The Harlem Community Choir	Yoko Ono	1	['3zJw3rugfpVrmBeDDnUYzy']
The Plastic Ono Band	Yoko Ono	1	['3zJw3rugfpVrmBeDDnUYzy']
2 Chainz	Drake	1	['0xl1w2q4VLojeXp4JfazPL']
2 Chainz	Young Thug	1	['0xl1w2q4VLojeXp4JfazPL']
Cashmere Cat	Selena Gomez	1	['2wDjpPW3HZdA9quPPmZAMu']
Selena Gomez	Tory Lanez	1	['2wDjpPW3HZdA9quPPmZAMu']
2 Chainz	Jhené Aiko	1	['6H0AwSQ20mo62jGlPGB8S6']
2 Chainz	Trey Songz	1	['6H0AwSQ20mo62jGlPGB8S6']
2 Chainz	Ty Dolla $ign	1	['6H0AwSQ20mo62jGlPGB8S6']
Jhené Aiko	Trey Songz	1	['6H0AwSQ20mo62jGlPGB8S6']
Jhené Aiko	Ty Dolla $ign	1	['6H0AwSQ20mo62jGlPGB8S6']
Trey Songz	Ty Dolla $ign	1	['6H0AwSQ20mo62jGlPGB8S6']
Jason Derulo	Nicki Minaj	1	['6kex4EBAj0WHXDKZMEJaaF']
Jason Derulo	Ty Dolla $ign	1	['6kex4EBAj0WHXDKZMEJaaF']
Nicki Minaj	Ty Dolla $ign	1	['6kex4EBAj0WHXDKZMEJaaF']
Ina Wroldsen	Martin Solveig	1	['6O85MfGECKBqAK2MgSbCaj']
Montell Jordan	Wino	1	['6uQKuonTU8VKBz5SHZuQXD']
Zay Hilfigerrr	Zayion McCall	1	['1lItf5ZXJc1by9SbPeljFd']
Bahari	Grey	1	['1sl5tSzfK1JrcQIcA8rYDy']
Bruno Mars	Mark Ronson	1	['32OlwWuMpZ6b0aN2RZOeMS']
P!nk	Sia	1	['7pYFPMeK0TnaTGdS6qOtEr']
P!nk	Stargate	1	['7pYFPMeK0TnaTGdS6qOtEr']
Sia	Stargate	1	['7pYFPMeK0TnaTGdS6qOtEr']
Lil Wayne	Nathaniel Alford	1	['270aLuFCbX32hhBr8MQyPM']
Lil Wayne	Twice As Nice	1	['270aLuFCbX32hhBr8MQyPM']
Nathaniel Alford	The-Dream	1	['270aLuFCbX32hhBr8MQyPM']
Nathaniel Alford	Twice As Nice	1	['270aLuFCbX32hhBr8MQyPM']
Nathaniel Alford	Ty Dolla $ign	1	['270aLuFCbX32hhBr8MQyPM']
The-Dream	Twice As Nice	1	['270aLuFCbX32hhBr8MQyPM']
Twice As Nice	Ty Dolla $ign	1	['270aLuFCbX32hhBr8MQyPM']
Daya	Gryffin	1	['0NyOeqzqjVM9j7IuWp2oJ6']
Daya	ILLENIUM	1	['0NyOeqzqjVM9j7IuWp2oJ6']
Gryffin	ILLENIUM	1	['0NyOeqzqjVM9j7IuWp2oJ6']
Galantis	Hook N Sling	1	['2MHCiOohBZEQuLgDTPvSzF']
Golden Features	Julia Stone	1	['6rKmnzp0nUpHvjLK7FXSnP']
Bryson Tiller	DJ Khaled	1	['1OAh8uOEOvTDqkKFsKksCi']
Bryson Tiller	Rihanna	1	['1OAh8uOEOvTDqkKFsKksCi']
DJ Khaled	Rihanna	1	['1OAh8uOEOvTDqkKFsKksCi']
Bonobo	Rhye	1	['2pYvd6cHcAIMAM6xMD6nok']
Baby Bash	Frankie J	1	['00LfFm08VWeZwB0Zlm24AT']
Daddy Yankee	Justin Bieber	1	['5CtI0qwDJkDQGwXD1H1cLb']
Justin Bieber	Luis Fonsi	1	['5CtI0qwDJkDQGwXD1H1cLb']
Drake	Kanye West	1	['28irpKCCK9nn9DZSik2zEx']
Eric Nally	Grandmaster Caz	1	['5pfJsMwoRYKampPay8amX0']
Eric Nally	Grandmaster Melle Mel	1	['5pfJsMwoRYKampPay8amX0']
Eric Nally	Kool Moe Dee	1	['5pfJsMwoRYKampPay8amX0']
Eric Nally	Macklemore	1	['5pfJsMwoRYKampPay8amX0']
Eric Nally	Macklemore & Ryan Lewis	1	['5pfJsMwoRYKampPay8amX0']
Eric Nally	Ryan Lewis	1	['5pfJsMwoRYKampPay8amX0']
Grandmaster Caz	Grandmaster Melle Mel	1	['5pfJsMwoRYKampPay8amX0']
Grandmaster Caz	Kool Moe Dee	1	['5pfJsMwoRYKampPay8amX0']
Grandmaster Caz	Macklemore	1	['5pfJsMwoRYKampPay8amX0']
Grandmaster Caz	Macklemore & Ryan Lewis	1	['5pfJsMwoRYKampPay8amX0']
Grandmaster Caz	Ryan Lewis	1	['5pfJsMwoRYKampPay8amX0']
Grandmaster Melle Mel	Kool Moe Dee	1	['5pfJsMwoRYKampPay8amX0']
Grandmaster Melle Mel	Macklemore	1	['5pfJsMwoRYKampPay8amX0']
Grandmaster Melle Mel	Macklemore & Ryan Lewis	1	['5pfJsMwoRYKampPay8amX0']
Grandmaster Melle Mel	Ryan Lewis	1	['5pfJsMwoRYKampPay8amX0']
Kool Moe Dee	Macklemore	1	['5pfJsMwoRYKampPay8amX0']
Kool Moe Dee	Macklemore & Ryan Lewis	1	['5pfJsMwoRYKampPay8amX0']
Kool Moe Dee	Ryan Lewis	1	['5pfJsMwoRYKampPay8amX0']
Antony & Cleopatra	Motez	1	['5NQBZ9RAdV5Q6N7ORTI3RX']
Boyinaband	iDubbbz	1	['6HUbzOMGiCvVZEablo0oNM']
ILLENIUM	Nevve	1	['6H0zRPEV1ezBHOidNXSt1D']
Bebe Rexha	Digital Farm Animals	1	['7F9vK8hNFMml4GtHsaXui6']
Bebe Rexha	Louis Tomlinson	1	['7F9vK8hNFMml4GtHsaXui6']
Digital Farm Animals	Louis Tomlinson	1	['7F9vK8hNFMml4GtHsaXui6']
JAY-Z	Rihanna	1	['5i66xrvSh1MjjyDd6zcwgj']
Clara Mae	KREAM	1	['26hcyzSE154xMZCbFdtInA']
Louis Tomlinson	Steve Aoki	1	['3EmmCZoqpWOTY1g2GBwJoR']
Nicole Millar	Peking Duk	1	['48ByhmhBjgyWIRzdHDuQMD']
Alan Walker	Gavin James	1	['3b5Li4QKDVBx1x7fQuu54a']
Camila Cabello	Daddy Yankee	1	['3whrwq4DtvucphBPUogRuJ']
A$AP Rocky	Famous Dex	1	['3ncgNpxLoBQ65ABk4djDyd']
Labrinth	Noah Cyrus	1	['2BrzlUj1u1CtvaJDGIKpsP']
Jasmine Thompson	Skizzy Mars	1	['40UroIGvsMPLPBYwH8rMNA']
Jasmine Thompson	Vice	1	['40UroIGvsMPLPBYwH8rMNA']
Skizzy Mars	Vice	1	['40UroIGvsMPLPBYwH8rMNA']
ALMA	Martin Solveig	1	['3aLSrx8qhssXrh5yjB6oy9']
Colby O'Donis	Lady Gaga	1	['1dzQoRqT5ucxXVaAhTcT0J']
Gucci Mane	Rae Sremmurd	1	['6fujklziTHa8uoM5OQSfIo']
Mansionair	ODESZA	1	['2IUHcSxFPDKLRVgjXxvKjl']
Mansionair	WYNNE	1	['2IUHcSxFPDKLRVgjXxvKjl']
ODESZA	WYNNE	1	['2IUHcSxFPDKLRVgjXxvKjl']
Ariana Grande	Funk Wav	1	['60APt5N2NRaKWf5xzJdzyC']
Funk Wav	Young Thug	1	['60APt5N2NRaKWf5xzJdzyC']
Marshmello	Selena Gomez	1	['7EmGUiUaOSGDnUUQUDrOXC']
A-Trak	Calvin Harris	1	['4KaIJ1FWXUoAAnOts1YWjD']
A-Trak	Funk Wav	1	['4KaIJ1FWXUoAAnOts1YWjD']
A-Trak	Travis Scott	1	['4KaIJ1FWXUoAAnOts1YWjD']
Funk Wav	Travis Scott	1	['4KaIJ1FWXUoAAnOts1YWjD']
Illy	Marko Penn	1	['2NjgNtG2oTS3RJsrWxlgnG']
Frank Ocean	Funk Wav	1	['7tr2za8SQg2CI8EDgrdtNl']
Funk Wav	Migos	1	['7tr2za8SQg2CI8EDgrdtNl']
Charlie Puth	Wiz Khalifa	1	['6IcrwGdIvRsrImOnoYfG9Z']
Alicia Keys	JAY-Z	1	['3lPAHV0b53zgRRm9LBgnTY']
Anne-Marie	Clean Bandit	1	['5knuzwU65gJK7IF5yJsuaW']
Anne-Marie	Sean Paul	1	['5knuzwU65gJK7IF5yJsuaW']
Clean Bandit	Sean Paul	1	['5knuzwU65gJK7IF5yJsuaW']
N.E.R.D	Pharrell Williams	1	['4PpuH4mxL0rD35mOWaLoKS']
Pharrell Williams	Rihanna	1	['4PpuH4mxL0rD35mOWaLoKS']
Ariana Grande	Nicki Minaj	1	['4pLwZjInHj3SimIyN9SnOz']
SLUMBERJACK	Vera Blue	1	['2Y0W9OqExrVea1xEcCgYcS']
French Montana	Jason Derulo	1	['2z4pcBLQXF2BXKFvd0BuB6']
Anne-Marie	Mike Posner	1	['42NpUvd0I2kdIuMXX4nobE']
Anne-Marie	Nick Jonas	1	['42NpUvd0I2kdIuMXX4nobE']
Mike Posner	Nick Jonas	1	['42NpUvd0I2kdIuMXX4nobE']
Martin Jensen	The Vamps	1	['5dQJKDx0x73seZbwSORa1T']
Drake	Sampha	1	['2fkeWbM6iqTw7oGHTYm2lw']
Cheat Codes	Dante Klein	1	['0lmdsH1MIoLsMymnNpd6HU']
DJ Snake	Lauv	1	['0Wv5wuenRLI3BcwgT3HPIP']
Little Mix	Stormzy	1	['4BJ5T8ZZZ3UrPG7k0OVQrp']
Bebe Rexha	Lil Wayne	1	['6Pw3Gvw4wNMZfTYZa6IQal']
21 Savage	Cardi B	1	['75FDPwaULRdYDn4StFN2rT']
Michael Bublé	Shania Twain	1	['2gbCG4Rt9984UZ7Tc0dIFd']
Kanye West	Paul McCartney	1	['5XzmZjXhMjDHr7ZfJ6DELQ']
Kanye West	Rihanna	1	['5XzmZjXhMjDHr7ZfJ6DELQ']
Paul McCartney	Rihanna	1	['5XzmZjXhMjDHr7ZfJ6DELQ']
21 Savage	Quavo	1	['0tdCy39PgWN8LFWu34ORn3']
Metro Boomin	Quavo	1	['0tdCy39PgWN8LFWu34ORn3']
Offset	Quavo	1	['0tdCy39PgWN8LFWu34ORn3']
Bliss n Eso	Thief	1	['3rYEnGn5dZSWCTRLas4QnW']
Jamie Foxx	Kanye West	1	['5XJJdNPkwmbUwE79gv0NxK']
Illy	Vera Blue	1	['6vXHaWpqkbuvzIDvR3LnKd']
Madeon	Porter Robinson	1	['0IFV9VPRBvqpUP52ksLzzE']
John Legend	Sam Smith	1	['64GRDrL1efgXclrhVCeuA0']
NÏKA	SACHI	1	['0HAync7j6BXaO27pumGoff']
Naomi Wild	ODESZA	1	['7KT7VGnPU5QVXN3q1BOeqb']
Big Sean	Coldplay	1	['6uJwPeBGb3swi85TSr9iIz']
Phoebe Ryan	The Chainsmokers	1	['2rizacJSyD9S1IQUxUxnsK']
Chance the Rapper	Towkio	1	['3eze1OsZ1rqeXkKStNfTmi']
Justin Bieber	Towkio	1	['3eze1OsZ1rqeXkKStNfTmi']
Joey Bada$$	ScHoolboy Q	1	['31mqc7EKPsJf3pe6H5jEfC']
Anne-Marie	Joey Bada$$	1	['3nodtPfXcok53E8Uze8gvD']
Anne-Marie	Snakehips	1	['3nodtPfXcok53E8Uze8gvD']
Joey Bada$$	Snakehips	1	['3nodtPfXcok53E8Uze8gvD']
Pentatonix	Tori Kelly	1	['2kPpxNSgXRvu5yqkRLKJIu']
Clean Bandit	Zara Larsson	1	['1x5sYLZiu9r5E43kMlt9f8']
Fifth Harmony	Ty Dolla $ign	1	['4tCtwWceOPWzenK2HAIJSb']
Noah Cyrus	XXXTENTACION	1	['2S2od3hT7ceytw7d1pTRuE']
Julia Michaels	Maroon 5	1	['2uSLx5uwRIhiA3sJJraNqX']
Gorillaz	Vince Staples	1	['2bBMODHVTXGwE2aZYfbgCt']
Eartha Kitt	Henri René and His Orchestra	1	['1foCxQtxBweJtZmdxhEHVO']
A$AP Rocky	The Weeknd	1	['7F1LWA9sIlTorHUo4amGqk']
A$AP Rocky	Young Thug	1	['7F1LWA9sIlTorHUo4amGqk']
The Weeknd	Young Thug	1	['7F1LWA9sIlTorHUo4amGqk']
Travis Scott	Young Thug	1	['20dP2DaMHIAmwWAbp7peSr']
Kanye West	Tyga	1	['2Cth0v1xri32oZ799rL3rl']
Martin Garrix	Troye Sivan	1	['6jA8HL9i4QGzsj6fjoxp8Y']
DJ Snake	Major Lazer	1	['4WjH9Bzt3kx7z8kl0awxh4']
DJ Snake	MØ	1	['4WjH9Bzt3kx7z8kl0awxh4']
Big Sean	Justin Bieber	1	['10SDxx0CFWGqgVVBeX22TP']
Ariana Grande	Liz Gillies	1	['41XCLKG0xl01mGprBDtTNS']
Felix Jaehn	OMI	1	['7vFoFDWqTX0mHzLfrF1Cfy']
Drake	Kyla	1	['1xznGGDReH1oQq0xzbwXa3']
Drake	Wizkid	1	['1xznGGDReH1oQq0xzbwXa3']
Kyla	Wizkid	1	['1xznGGDReH1oQq0xzbwXa3']
Cheat Codes	Kris Kross Amsterdam	1	['5DA77EqppDmCTWGovd4oTP']
Drake	PARTYNEXTDOOR	1	['5JUu0unA8VwhTZ9LkMWUVI']
Allday	Mallrat	1	['2ryjqpVoKp6iWekAl0DGO3']
Daya	The Chainsmokers	1	['0QsvXIfqM0zZoerQfsI9lm']
Gorillaz	Grace Jones	1	['2CJ6CRzuRQd46asE1ucuVD']
