artist_id	name	genres	years_on_charts	num_hits	num_collab_hits
0LyfQWJT6nXafLPZqxe9Of	Various Artists	[]	[2019, 2020, 2021, 2022]	134	0
3Nrfpe0tUJi4K4DXYWgMUX	BTS	['k-pop', 'k-pop boy group', 'pop']	[2019, 2020, 2021, 2022]	92	18
4YRxDV8wJFPHPTeXepOstw	Arijit Singh	['desi pop', 'filmi', 'modern bollywood']	[2019, 2020, 2021, 2022]	88	72
06HL4z0CvFAxyc27GXpf02	Taylor Swift	['pop']	[2019, 2020, 2021, 2022]	76	13
4f7KfxeHq9BiylGmyXepGt	Tanishk Bagchi	['desi pop', 'filmi', 'modern bollywood']	[2019, 2020, 2021, 2022]	63	63
5f4QpKfy7ptCHwTqspnSJI	Neha Kakkar	['desi pop', 'filmi', 'modern bollywood']	[2019, 2020, 2021, 2022]	59	57
4PULA4EFzYTrxYvOVlwpiQ	Sidhu Moose Wala	['desi hip hop', 'desi pop', 'pakistani hip hop', 'punjabi hip hop']	[2019, 2020, 2021, 2022]	58	31
1Xyo4u8uXC1ZmMpatF05PJ	The Weeknd	['canadian contemporary r&b', 'canadian pop', 'pop']	[2019, 2020, 2021, 2022]	50	15
1uNFoZAHBGtllmzznpCI3s	Justin Bieber	['canadian pop', 'pop']	[2019, 2020, 2021, 2022]	50	32
0y59o4v8uw5crbN9M3JiL1	Badshah	['desi hip hop', 'desi pop', 'desi trap', 'filmi', 'modern bollywood']	[2019, 2020, 2021, 2022]	46	41
1tqysapcCh1lWEAc9dIFpa	Jubin Nautiyal	['desi pop', 'filmi', 'hare krishna', 'modern bollywood']	[2019, 2020, 2021, 2022]	46	39
4Ai0pGz6GhQavjzaRhPTvz	DIVINE	['desi hip hop', 'desi pop', 'desi trap', 'hindi hip hop']	[2019, 2020, 2021]	41	22
1wRPtKGflJrBx9BmLsSwlU	Pritam	['desi pop', 'filmi', 'indian instrumental', 'modern bollywood']	[2019, 2020, 2021, 2022]	40	40
246dkjvS1zLTtiykXe5h60	Post Malone	['dfw rap', 'melodic rap', 'pop', 'rap']	[2019, 2020, 2021, 2022]	40	23
6DARBhWbfcS9E4yJzcliqQ	Karan Aujla	['desi hip hop', 'desi pop', 'punjabi pop']	[2019, 2020, 2021, 2022]	39	16
0C8ZW7ezQVs4URX5aX7Kqx	Selena Gomez	['pop', 'post-teen pop']	[2019, 2020, 2021, 2022]	36	17
2FKWNmZWDBZR4dE5KX4plR	Diljit Dosanjh	['desi pop', 'filmi', 'modern bollywood']	[2019, 2020, 2021, 2022]	35	6
1mYsTxnqsietFxj1OgoGbG	A.R. Rahman	['filmi']	[2019, 2020, 2021, 2022]	34	28
5rQoBDKFnd1n6BkdbgVaRL	Guru Randhawa	['desi pop', 'filmi', 'modern bollywood']	[2019, 2020, 2021, 2022]	33	25
0T1CMVkqffHlqEk4BcAph1	Tulsi Kumar	['desi pop', 'filmi', 'modern bollywood']	[2019, 2020, 2021, 2022]	32	32
3TVXtAsR1Inumwj472S9r4	Drake	['canadian hip hop', 'canadian pop', 'hip hop', 'rap', 'toronto rap']	[2019, 2020, 2021, 2022]	29	20
2GoeZ0qOTt6kjsWW4eA6LS	Darshan Raval	['desi pop', 'filmi', 'gujarati pop', 'modern bollywood']	[2019, 2020, 2021, 2022]	28	13
4zCH9qm4R2DADamUHMCa6O	Anirudh Ravichander	['desi hip hop', 'filmi', 'tamil hip hop']	[2019, 2020, 2021, 2022]	26	24
0oOet2f43PA68X5RxKobEy	Shreya Ghoshal	['desi pop', 'filmi', 'modern bollywood']	[2019, 2020, 2021, 2022]	26	22
1OPqAyxsQc8mcRmoNBAnVk	Dhvani Bhanushali	['desi pop', 'filmi', 'modern bollywood']	[2019, 2020, 2021, 2022]	26	26
1mBydYMVBECdDmMfE2sEUO	Sachin-Jigar	['desi pop', 'filmi', 'gujarati pop', 'modern bollywood']	[2019, 2020, 2021, 2022]	26	26
6qqNVTkY8uBg9cP3Jd7DAH	Billie Eilish	['art pop', 'electropop', 'pop']	[2019, 2020, 2021, 2022]	25	4
66CXWjxzNUsdJxJ2JdwvnR	Ariana Grande	['pop']	[2019, 2020, 2021, 2022]	24	12
5ZsFI1h6hIdQRw2ti0hz81	ZAYN	['pop', 'uk pop']	[2019, 2020, 2021, 2022]	23	11
6LuN9FCkKOj5PcnpouEgny	Khalid	['pop', 'pop r&b']	[2019, 2020, 2021, 2022]	23	15
56SjZARoEvag3RoKWIb16j	B Praak	['desi pop', 'filmi', 'punjabi pop']	[2019, 2020, 2021, 2022]	23	13
69GGBxA162lTqCwzJG5jLp	The Chainsmokers	['electropop', 'pop']	[2019, 2020, 2021, 2022]	23	18
4MCBfE4596Uoi2O4DtmEMz	Juice WRLD	['chicago rap', 'melodic rap', 'rap']	[2019, 2020, 2021]	23	12
41MozSoPIsD1dJM0CLPjZF	BLACKPINK	['k-pop', 'k-pop girl group', 'pop']	[2019, 2020, 2021, 2022]	23	5
5JZ7CnR6gTvEMKX4g70Amv	Lauv	['pop']	[2019, 2020, 2021, 2022]	23	17
7jVv8c5Fj3E9VhNjxT4snq	Lil Nas X	['lgbtq+ hip hop']	[2019, 2020, 2021, 2022]	22	9
2P9JaCtpbQSuZOgvtPrUJ8	Jass Manak	['desi hip hop', 'desi pop', 'punjabi pop']	[2019, 2020, 2021, 2022]	22	9
7qjJw7ZM2ekDSahLXPjIlN	Sid Sriram	['filmi']	[2019, 2020, 2021, 2022]	21	17
6IP4VnqS1pOiQcPVP4zx0H	Prem Dhillon	['punjabi pop']	[2020, 2021, 2022]	20	7
0Y5tJX1MQlPlqiwlOH1tJY	Travis Scott	['hip hop', 'rap', 'slap house']	[2019, 2020, 2021]	20	15
26VFTg2z8YR0cCuwLzESi2	Halsey	['electropop', 'etherpop', 'indie poptimism', 'pop']	[2019, 2020, 2021, 2022]	19	11
7dGJo4pcD2V6oG8kP0tJRR	Eminem	['detroit hip hop', 'hip hop', 'rap']	[2019, 2020, 2021]	19	12
7uIbLdzzSEqnX0Pkrb56cR	Yo Yo Honey Singh	['desi pop', 'filmi', 'hindi hip hop', 'modern bollywood']	[2019, 2020, 2021]	19	16
7vk5e3vY1uw9plTHJAMwjN	Alan Walker	['electro house']	[2019, 2020, 2021, 2022]	18	15
6LEG9Ld1aLImEFEVHdWNSB	AP Dhillon	['desi hip hop', 'desi pop', 'punjabi hip hop', 'punjabi pop']	[2020, 2021, 2022]	18	17
7n2wHs1TKAczGzO7Dd2rGr	Shawn Mendes	['canadian pop', 'pop', 'viral pop']	[2019, 2020, 2021, 2022]	18	6
0NZtn1Kyq08alpHCTRf3dv	Tony Kakkar	['desi pop', 'filmi', 'modern bollywood']	[2019, 2020, 2021, 2022]	18	12
55kkrbuMkdzPGD7YGA6xrJ	Gurlez Akhtar	['punjabi pop']	[2019, 2020, 2021, 2022]	18	18
1sVmXkzX2ukc6QvasrDBES	Asees Kaur	['desi pop', 'filmi', 'modern bollywood']	[2019, 2020, 2021, 2022]	18	17
4IKVDbCSBTxBeAsMKjAuTs	Armaan Malik	['desi pop', 'filmi', 'modern bollywood']	[2019, 2020, 2021, 2022]	17	12
2oSONSC9zQ4UonDKnLqksx	Atif Aslam	['classic pakistani pop', 'desi pop', 'filmi', 'modern bollywood', 'sufi']	[2019, 2020, 2021, 2022]	17	13
5uemEEtB1ZC3s1KM7gReeH	MC STAN	['desi emo rap', 'desi hip hop']	[2021, 2022]	17	3
64KEffDW9EtZ1y2vBYgq8T	Marshmello	['brostep', 'edm', 'pop', 'progressive electro house']	[2019, 2020, 2021, 2022]	16	14
3dN9MQpjIyNxyeRfz4EDZe	Rochak Kohli	['desi pop', 'modern bollywood']	[2019, 2020, 2021, 2022]	16	16
5T2I75UlGBcWd5nVyfmL13	Mika Singh	['desi pop', 'filmi', 'modern bollywood']	[2019, 2020, 2021]	16	16
6WOdPJmexxFINcKMkP2jMG	Sachet Tandon	['desi pop', 'filmi', 'modern bollywood']	[2019, 2020, 2021, 2022]	16	16
4nDoRrQiYLoBzwC5BhVJzF	Camila Cabello	['dance pop', 'pop']	[2019, 2020, 2021, 2022]	16	7
6eUKZXaKkcviH0Ku9w2n3V	Ed Sheeran	['pop', 'singer-songwriter pop', 'uk pop']	[2019, 2020, 2021, 2022]	15	4
3ZxZ03fj3tXBZHZWzvaLSM	Neeti Mohan	['desi pop', 'filmi', 'modern bollywood']	[2019, 2020, 2021, 2022]	15	15
3tPQOjkxO3mrYrrgkTeXgH	Nikhita Gandhi	['desi pop', 'modern bollywood']	[2019, 2020, 2021, 2022]	15	15
5cj0lLjcoR7YOSnhnX0Po5	Doja Cat	['dance pop', 'pop']	[2019, 2020, 2021, 2022]	14	7
7M3xY5iHSzEtoL3FpqOD75	Garry Sandhu	['desi pop', 'punjabi pop']	[2019, 2020, 2021, 2022]	14	11
6Mv8GjQa7LKUGCAqa9qqdb	Vishal-Shekhar	['desi pop', 'filmi', 'modern bollywood']	[2019, 2020, 2021, 2022]	14	14
6CXEwIaXYfVJ84biCxqc9k	Vishal Dadlani	['desi pop', 'filmi', 'modern bollywood']	[2019, 2020, 2021]	14	12
72beYOeW2sb2yfcS4JsRvb	Ritviz	['desi hip hop', 'desi pop', 'hindi indie', 'indian edm']	[2019, 2020, 2021, 2022]	13	3
5GnnSrwNCGyfAU4zuIytiS	Mohit Chauhan	['filmi', 'modern bollywood']	[2019, 2020, 2021, 2022]	13	10
5DHi2MeoRgAwPE0A0qwRMl	Gurinder Gill	['punjabi hip hop']	[2020, 2021, 2022]	13	13
52XgeWw24o4klNdfwvB0Vx	Kunaal Vermaa	[]	[2019, 2020, 2021, 2022]	13	13
3uHUKCspaCzAab9A3LlGAr	Mankirt Aulakh	['desi pop', 'punjabi pop']	[2020, 2021, 2022]	13	8
6M2wZ9GZgrQXHCFfjv46we	Dua Lipa	['dance pop', 'pop', 'uk pop']	[2019, 2020, 2021, 2022]	13	8
76fuWYgIf3TVIopTs3vaJ6	Amaal Mallik	['desi pop', 'filmi', 'modern bollywood']	[2019, 2020, 2021, 2022]	13	12
6FtZhorjCMfkaVJ7kKdmq7	Payal Dev	['desi pop', 'filmi', 'modern bollywood']	[2019, 2020, 2021, 2022]	13	13
1vCWHaC5f2uS3yhpwWbIA6	Avicii	['edm', 'pop', 'pop dance']	[2019, 2021, 2022]	13	9
1McMsnEElThX1knmY4oliG	Olivia Rodrigo	['pop']	[2021]	12	0
540vIaP2JwjQb9dm3aArA4	DJ Snake	['edm', 'electronic trap', 'pop', 'pop dance']	[2019, 2020, 2021, 2022]	12	12
09UmIX92EUH9hAK4bxvHx6	Mithoon	['desi pop', 'filmi', 'modern bollywood']	[2019, 2020, 2021, 2022]	11	11
1SyKki7JI1AZNKwgNMkn25	Sachet-Parampara	['desi pop', 'modern bollywood']	[2019, 2020, 2021, 2022]	11	11
64DvMieEUCdrYKmEIhDt8G	Arjan Dhillon	['punjabi pop']	[2021, 2022]	11	1
0qpsFfOT3SmdGmnyV6rOhS	Meet Bros.	['desi pop', 'filmi', 'modern bollywood']	[2019, 2020, 2021, 2022]	11	11
0ghlgldX5Dd6720Q3qFyQB	TOMORROW X TOGETHER	['k-pop', 'k-pop boy group']	[2019, 2021]	11	1
4kYSro6naA4h99UJvo89HB	Cardi B	['pop', 'rap']	[2019, 2020, 2021]	11	10
1BYjhAClGpBTLZfics0VRZ	Aastha Gill	['desi pop', 'filmi', 'modern bollywood']	[2019, 2020, 2021, 2022]	11	10
23fqKkggKUBHNkbKtXEls4	Kygo	['edm', 'pop', 'pop dance', 'tropical house']	[2019, 2020]	11	11
5Rl15oVamLq7FbSb0NNBNy	5 Seconds of Summer	['boy band', 'pop']	[2019, 2020]	11	6
1vyhD5VmyZ7KMfW5gqLgo5	J Balvin	['reggaeton', 'reggaeton colombiano', 'trap latino', 'urbano latino']	[2019, 2020, 2021]	10	10
4AK6F7OLvEQ5QYCBNiQWHq	One Direction	['boy band', 'pop', 'post-teen pop', 'talent show']	[2019, 2020, 2021, 2022]	10	0
5r2baeTwcCJnuIsDIlxUJo	Rashmi Virag	['modern bollywood']	[2019, 2020, 2021, 2022]	10	10
5sSzCxHtgL82pYDvx2QyEU	Devi Sri Prasad	['tollywood']	[2019, 2020, 2021, 2022]	10	10
5C1S9XwxMuuCciutwMhp5t	KR$NA	['desi hip hop', 'desi trap', 'hindi hip hop']	[2020, 2021, 2022]	10	4
2FgHPfRprDaylrSRVf1UlN	Thaman S	['new beat', 'tamil pop']	[2019, 2020, 2021, 2022]	10	10
4eB5clMaoi0cCRnCwLkkiS	Harnoor	['desi pop', 'punjabi pop']	[2020, 2021, 2022]	10	2
6KImCVD70vtIoJWnq6nGn3	Harry Styles	['pop']	[2019, 2020, 2021, 2022]	10	0
0QntOArZgiNHoemAzwJPu5	Gur Sidhu	['desi pop', 'punjabi pop']	[2019, 2020, 2021]	10	9
1Oh5bPXjw5jreVFhKc4jux	Kaka	[]	[2020, 2021]	10	3
2RlWC7XKizSOsZ8F3uGi59	Ammy Virk	['desi pop', 'punjabi pop']	[2019, 2020, 2021, 2022]	10	7
0E02VcvA5p1ndkLdqWD5JB	Ankit Tiwari	['desi pop', 'filmi', 'modern bollywood']	[2019, 2020, 2021, 2022]	10	8
07iEy1AecUPVzfC2J2gCHR	Ikka	['desi hip hop', 'desi pop']	[2019, 2020, 2021, 2022]	10	10
4r63FhuTkUYltbVAg5TQnk	DaBaby	['hip hop', 'north carolina hip hop', 'rap', 'trap']	[2019, 2020, 2021, 2022]	10	9
60d24wfXkVzDSfLS6hyCjZ	Martin Garrix	['dutch edm', 'edm', 'pop', 'pop dance', 'progressive house']	[2019]	10	10
5RmQ8k4l3HZ8JoPb4mNsML	Agust D	['k-rap']	[2020]	10	4
2sN4fSzAm2rAL0HIurPCEM	Maninder Buttar	['desi hip hop', 'desi pop', 'punjabi pop']	[2019, 2020, 2021, 2022]	9	5
4ITkqBlf5eoVCOFwsJCnqo	Harrdy Sandhu	['desi pop', 'filmi', 'punjabi pop']	[2019, 2020, 2021, 2022]	9	3
1E6arsXf5Fgsnv9YpSzjpE	Parampara Tandon	['desi pop', 'modern bollywood']	[2019, 2020, 2021, 2022]	9	9
181bsRPaVXVlUKXrxwZfHK	Megan Thee Stallion	['houston rap', 'pop', 'rap', 'trap queen']	[2020, 2021]	9	8
19MVxKZZdPj2X0F8pi0OCT	Sukhwinder Singh	['filmi', 'modern bollywood']	[2019, 2020, 2021, 2022]	9	7
00sCATpEvwH48ays7PlQFU	Jonita Gandhi	['desi pop', 'filmi', 'modern bollywood']	[2019, 2020, 2021, 2022]	9	9
1zNqDE7qDGCsyzJwohVaoX	Anne-Marie	['pop']	[2019, 2020, 2021, 2022]	9	8
2qqPV8ZkTpVdwfMOKSsb8N	Khan Bhaini	['punjabi pop']	[2019, 2020, 2021, 2022]	9	5
008PpLcKUtVXle6JSwkq3I	Emiway Bantai	['desi hip hop', 'desi pop', 'desi trap', 'hindi hip hop']	[2019, 2020, 2021, 2022]	9	4
77YvCBWe0tTLygpgSJsdOH	Dhee	['filmi', 'tamil pop']	[2019, 2020, 2021]	9	9
5FVBduYaeVBb6JIghza7v6	Santhosh Narayanan	['filmi', 'tamil pop']	[2020, 2021, 2022]	8	7
5K4W6rqBFWDnAN6FQUkS6x	Kanye West	['chicago rap', 'hip hop', 'rap']	[2019, 2021]	8	0
7GgAwYJnBBFT1WogNWf0oj	Amrit Maan	['desi pop', 'punjabi pop']	[2019, 2020, 2021, 2022]	8	5
1nzgtKYFckznkcVMR3Gg4z	KSI	['uk hip hop']	[2020, 2021]	8	5
7tH8oZj2nLERlp2hE5QNjp	Mellow D	['desi pop', 'modern bollywood']	[2019, 2020, 2021]	8	8
1SJOL9HJ08YOn92lFcYf8a	Shankar Mahadevan	['filmi']	[2019, 2020, 2021, 2022]	8	5
6AiX12wXdXFoGJ2vk8zBjy	Yuvan Shankar Raja	['filmi', 'kollywood']	[2019, 2020, 2021, 2022]	8	8
70B80Lwx2sxti0M1Ng9e8K	Udit Narayan	['chutney', 'filmi']	[2019, 2020, 2021, 2022]	8	8
5WUlDfRSoLAfcVSX1WnrxN	Sia	['australian dance', 'australian pop', 'pop']	[2019, 2020, 2021, 2022]	8	6
3eDT9fwXKuHWFvgZaaYC5v	Sunidhi Chauhan	['desi pop', 'filmi', 'modern bollywood']	[2019, 2020, 2021, 2022]	8	8
5CGQa62CAweD76eHlDmp1m	Dilpreet Dhillon	['desi pop', 'punjabi pop']	[2019, 2020, 2021]	8	7
5wJ1H6ud777odtZl5gG507	Vishal Mishra	['desi pop', 'filmi', 'modern bollywood']	[2019, 2020, 2021, 2022]	8	4
3xZnxcyeC0vVaJvEA9VqrA	Jassie Gill	['desi pop', 'punjabi pop']	[2019, 2020, 2021]	8	7
6LWyVEIBnx7MoRBhQxu9om	Anurag Kulkarni	['tollywood']	[2019, 2020, 2021, 2022]	8	7
0QHgL1lAIqAw0HtD7YldmP	DJ Khaled	['hip hop', 'miami hip hop', 'pop rap', 'rap']	[2019, 2020]	8	8
7hVmdlsJp0E2WQIvVl8ngN	Millind Gaba	['desi pop', 'filmi', 'modern bollywood', 'punjabi pop']	[2019, 2020]	8	8
3OQRPFFS3OsltFjFAXu1kE	Parmish Verma	['desi pop', 'punjabi pop']	[2019, 2020, 2021]	7	0
6l3HvQ5sa6mXTsMTB19rO5	J. Cole	['conscious hip hop', 'hip hop', 'north carolina hip hop', 'rap']	[2019, 2021]	7	2
4vvW590Gq8dNWsP5BM9FkS	Gminxr	[]	[2020, 2021, 2022]	7	7
6aQfrWHwAcuY8IYItbChZh	Shinda Kahlon	[]	[2020, 2021, 2022]	7	7
6zZrFenNe3YPttxZsnQQs1	Akhil	['desi hip hop', 'desi pop', 'punjabi pop']	[2019, 2020, 2021, 2022]	7	3
0OS0NZnK7TGIAWx8MkWNFN	Intense	['punjabi pop']	[2019, 2020, 2021, 2022]	7	7
04gDigrS5kc9YWfZHwBETP	Maroon 5	['pop']	[2019, 2020, 2021]	7	3
64M6ah0SkkRsnPGtGiRAbb	Bebe Rexha	['dance pop', 'pop']	[2019, 2020, 2021, 2022]	7	7
0hCNtLu0JehylgoiP8L4Gh	Nicki Minaj	['hip pop', 'pop', 'queens hip hop', 'rap']	[2019, 2020, 2021, 2022]	7	6
5YGY8feqx7naU7z4HrwZM6	Miley Cyrus	['pop']	[2019, 2020, 2021]	7	4
5VVN3xZw1i2qihfITZlvCZ	G. V. Prakash	['kollywood']	[2020, 2021]	7	7
7tYKF4w9nC0nq9CsPZTHyP	SZA	['pop', 'r&b', 'rap']	[2019, 2020, 2021, 2022]	7	7
0ea0y5ZxnN5TbEDzNtx5Fk	Nimrat Khaira	['desi pop', 'punjabi pop']	[2020, 2021, 2022]	7	7
50co4Is1HCEo8bhOyUWKpn	Young Thug	['atl hip hop', 'atl trap', 'gangster rap', 'melodic rap', 'rap', 'trap']	[2019, 2020, 2021]	7	7
04FsFHujpuqonrPXZrEJlK	Dev Negi	['desi pop', 'filmi', 'modern bollywood']	[2019, 2020, 2021, 2022]	7	6
4q3ewBCX7sLwd24euuV69X	Bad Bunny	['reggaeton', 'trap latino', 'urbano latino']	[2019, 2020]	7	6
3WGpXCj9YhhfX11TToZcXP	Troye Sivan	['australian pop', 'pop', 'viral pop']	[2019, 2020]	7	7
7gOdHgIoIKoe4i9Tta6qdD	Jonas Brothers	['boy band', 'pop']	[2019, 2020]	7	2
1HY2Jd0NmPuamShAr6KMms	Lady Gaga	['art pop', 'dance pop', 'pop']	[2019, 2020]	7	5
5f7VJjfbwm532GiveGC0ZK	Lil Baby	['atl hip hop', 'atl trap', 'rap', 'trap']	[2019, 2020, 2021]	6	6
6jJ0s89eD6GaHleKKya26X	Katy Perry	['pop']	[2019, 2020, 2021, 2022]	6	1
4W91bbPB2CTSsHwt7eqNl7	Javed Ali	['filmi', 'modern bollywood']	[2019, 2020, 2021, 2022]	6	4
53XhwfbYqKCa1cC15pYq2q	Imagine Dragons	['modern rock', 'pop', 'rock']	[2019, 2020, 2021, 2022]	6	3
4gzpq5DPGxSnKTe4SA8HAU	Coldplay	['permanent wave', 'pop']	[2019, 2020, 2021, 2022]	6	5
1x02ug1CLkx7mrQP9FRswh	Amrinder Gill	['desi pop', 'punjabi pop']	[2021]	6	6
1zrFFDzoE9XXyjEqqgDpMm	Dr Zeus	['desi hip hop', 'desi pop', 'punjabi hip hop', 'punjabi pop']	[2021]	6	6
4kq8z3vydHjPDggxb16ErB	Nakash Aziz	['tollywood']	[2019, 2020, 2021, 2022]	6	5
7C5xVXoqim1TICnCMZ9A6P	Zahrah S Khan	['modern bollywood']	[2019, 2021, 2022]	6	6
61JrslREXq98hurYL2hYoc	Lata Mangeshkar	['classic bollywood', 'filmi', 'lata']	[2021, 2022]	6	4
1URnnhqYAYcrqrcwql10ft	21 Savage	['atl hip hop', 'hip hop', 'rap', 'trap']	[2019, 2020, 2021]	6	5
0mJDQBWytBhOh5JB1DOQ1c	Jasmine Sandlas	['desi pop', 'modern bollywood', 'punjabi pop']	[2019, 2020, 2021, 2022]	6	6
3IzepIGEFUSFFnuIVGwZDS	Manni Sandhu	['desi hip hop', 'desi pop', 'punjabi pop']	[2019, 2021, 2022]	6	6
4yxICw7joYAxRI2sTRldLB	Rajat Nagpal	['punjabi pop']	[2019, 2020, 2021, 2022]	6	5
6VuMaDnrHyPL1p4EHjYLi7	Charlie Puth	['pop', 'viral pop']	[2020, 2021, 2022]	6	2
3gBKY0y3dFFVRqicLnVZYz	Alka Yagnik	['filmi', 'hare krishna', 'modern bollywood']	[2019, 2020, 2021, 2022]	6	6
7HCqGPJcQTyGJ2yqntbuyr	Amit Trivedi	['desi pop', 'filmi', 'modern bollywood']	[2019, 2020, 2021]	6	5
19LIHDDSHBD5NyYHI3gpzB	Shilpa Rao	['filmi', 'modern bollywood']	[2019, 2020, 2021, 2022]	6	6
1i8SpTcr7yvPOmcqrbnVXY	Ozuna	['puerto rican pop', 'reggaeton', 'trap latino', 'urbano latino']	[2019, 2020, 2021]	6	5
12CpR4SNDzVIlDoPSeNFeW	Shashaa Tirupati	['filmi']	[2019, 2020, 2021, 2022]	6	6
1RyvyyTE3xzB2ZywiAwp0i	Future	['atl hip hop', 'hip hop', 'rap', 'southern hip hop', 'trap']	[2019, 2020, 2021]	6	6
3TOhzLRYnkkul71yRBxIoM	Akhil Sachdeva	['desi pop', 'filmi', 'modern bollywood']	[2019, 2020, 2021, 2022]	6	6
3ocTwOjekTkFdD695eKuQr	Justin Prabhakaran	['tamil pop']	[2019, 2021, 2022]	6	6
0SWOtgI95g7oVrP9halrmP	Bohemia	['desi hip hop', 'desi pop', 'pakistani hip hop', 'punjabi hip hop']	[2019, 2020, 2021, 2022]	6	6
5UdFr0GeO7jKIaNIJgwB36	Raftaar	['desi hip hop', 'desi pop', 'desi trap', 'hindi hip hop']	[2019, 2020, 2021, 2022]	6	5
0bRPtPZQkWHeG7MGk9eWlh	Romy	['modern bollywood']	[2019, 2020, 2021, 2022]	6	6
5fMUXHkw8R8eOP2RNVYEZX	Diplo	['edm', 'electro house', 'moombahton', 'pop dance']	[2019]	6	6
5LHRHt1k9lMyONurDHEdrp	Tyga	['hip hop', 'pop rap', 'rap', 'trap']	[2019, 2020]	6	6
0ZED1XzwlLHW4ZaG4lOT6m	Julia Michaels	['pop']	[2019, 2020]	6	6
7bXgB6jMjp9ATFy66eO08Z	Chris Brown	['r&b', 'rap']	[2019, 2020]	6	6
6jf2eKjiPT6P18RbOSLzf0	Arko	['desi pop', 'filmi', 'modern bollywood']	[2019, 2020, 2021, 2022]	5	5
2jqTyPt0UZGrthPF4KMpeN	Bappi Lahiri	['filmi', 'modern bollywood']	[2019, 2020, 2021]	5	5
3pQ4aA7dkolyjUAMrVScgh	Manan Bhardwaj	['modern bollywood']	[2020, 2021, 2022]	5	3
1uU7g3DNSbsu0QjSEqZtEd	Masked Wolf	['australian hip hop']	[2021, 2022]	5	0
61if35zz1W11GejEkxTLEQ	Benny Dayal	['desi pop', 'filmi', 'modern bollywood']	[2019, 2020, 2021]	5	5
0X2BH1fck6amBIoJhDVmmJ	Ellie Goulding	['indietronica', 'metropopolis', 'pop', 'uk pop']	[2019, 2020, 2021, 2022]	5	2
7rkW85dBwwrJtlHRDkJDAC	NAV	['canadian hip hop', 'canadian trap', 'melodic rap', 'rap', 'toronto rap', 'trap']	[2019, 2020, 2021]	5	5
2tIP7SsRs7vjIcLrU85W8J	The Kid LAROI	['australian hip hop']	[2020, 2021, 2022]	5	4
5bUGkhve6dkRRnwUH12IHW	Uchana Amit	[]	[2019, 2020, 2021]	5	5
55Aa2cqylxrFIXC767Z865	Lil Wayne	['hip hop', 'new orleans rap', 'pop rap', 'rap', 'trap']	[2020, 2021, 2022]	5	5
1zNqQNIdeOUZHb8zbZRFMX	Swae Lee	['melodic rap', 'rap', 'trap']	[2019, 2020, 2021, 2022]	5	5
2vJvM1hPBYqDoGBje0kRMd	Jassa Dhillon	['desi pop', 'punjabi pop']	[2021]	5	5
5cEE1pTgDhFe8QuigmqxJF	Hansraj Raghuwanshi	['himachali pop']	[2021, 2022]	5	0
7rVV9d6vc4FLT752uRuk71	Arivu	['desi hip hop', 'tamil pop']	[2019, 2020, 2021]	5	5
1cfG7UM0OD4O1II1nd15Qo	Ash King	['desi pop', 'filmi', 'modern bollywood']	[2019, 2020, 2021, 2022]	5	5
0sSxphmGskGCKlwB9xa6WU	Himesh Reshammiya	['desi pop', 'filmi', 'modern bollywood']	[2019, 2020, 2021, 2022]	5	5
3TozxPbDes76aGFdfv7PMv	Jordan Sandhu	['desi pop', 'punjabi pop']	[2020, 2021, 2022]	5	4
15UsOTVnJzReFVN1VCnxy4	XXXTENTACION	['emo rap', 'miami hip hop']	[2019, 2020, 2021, 2022]	5	0
0VRj0yCOv2FXJNP47XQnx5	Quavo	['atl hip hop', 'melodic rap', 'rap', 'trap']	[2019, 2020, 2021]	5	5
7qHsapL39aTQsPhixtzVvy	Ayushmann Khurrana	['desi pop', 'filmi', 'modern bollywood']	[2019, 2020, 2021, 2022]	5	2
7J2gs5q2wLq6lU4q4wkyuV	Momina Mustehsan	['pakistani pop', 'sufi']	[2019, 2020, 2021, 2022]	5	5
1bTROl5p3rGTpvKeWnGgrw	Sohail Sen	['filmi', 'modern bollywood']	[2019, 2020, 2021]	5	5
1HBjj22wzbscIZ9sEb5dyf	Jonas Blue	['pop', 'pop dance', 'tropical house', 'uk dance']	[2019]	5	5
4mRPyvdSBxARQIFeXXM13s	AKASA	['desi pop', 'modern bollywood']	[2019, 2020]	5	5
1Xylc3o4UrD53lo9CvFvVg	Zara Larsson	['pop', 'scandipop', 'swedish electropop', 'swedish pop']	[2019, 2020]	5	2
2oeTqp8DgAmtnP2WGc1OS2	Naezy	['desi hip hop', 'hindi hip hop']	[2019, 2020]	5	1
2qxJFvFYMEDqd7ui6kSAcq	Zedd	['complextro', 'edm', 'german techno', 'pop', 'pop dance']	[2019]	5	5
4xRYI6VqpkE3UwrDrAZL8L	Logic	['conscious hip hop', 'hip hop', 'pop rap', 'rap']	[2019]	5	4
1cZQSpDsxgKIX2yW5OR9Ot	Lennon Stella	['alt z', 'canadian pop', 'uk pop']	[2019, 2020]	5	5
0L5GV6LN8SWWUWIdBbTLTZ	Shankar-Ehsaan-Loy	['filmi', 'modern bollywood']	[2019, 2020]	5	5
0lMa3YTHqQnDDTBaxAV7LK	Ranveer Singh	['desi hip hop', 'desi pop', 'hindi hip hop', 'modern bollywood']	[2019]	5	0
5Pwc4xIPtQLFEnJriah9YJ	OneRepublic	['piano rock', 'pop']	[2019, 2020]	5	2
3OLGltG8UPIea8sA4w0yg0	Rahat Fateh Ali Khan	['classic pakistani pop', 'filmi', 'modern bollywood', 'qawwali', 'sufi']	[2019, 2020]	5	5
418X5slNWlJwym4x3Oq3Cs	Lisa Mishra	['desi pop']	[2019, 2020]	5	4
2k66ibJfgMigF5QWqUgLyR	OAFF	['indian indie']	[2022]	5	5
3CVXA5TAWpmfGPqyMqXpPb	Savera	[]	[2022]	5	5
5CiGnKThu5ctn9pBxv7DGa	benny blanco	['pop']	[2019, 2020, 2021]	4	4
5r3wPya2PpeTTsXsGhQU8O	Shubh	['punjabi hip hop']	[2021, 2022]	4	0
048LktY5zMnakWq7PTtFrz	CKay	['afro r&b', 'afrobeats']	[2021, 2022]	4	3
2owjgBZQ70LoCNHIgW3gSk	Anand-Milind	['classic bollywood', 'filmi']	[2019, 2020, 2021]	4	4
03SZmfKAgYRQKUwy0EoJUa	Roop Kumar Rathod	['filmi', 'modern bollywood', 'sufi']	[2019, 2020, 2021, 2022]	4	3
1dVygo6tRFXC8CSWURQJq2	Sonu Nigam	['filmi', 'modern bollywood']	[2019, 2020, 2021, 2022]	4	4
4npEfmQ6YuiwW1GpUmaq3F	Ava Max	['pop']	[2019, 2020, 2021, 2022]	4	3
4K6blSRoklNdpw4mzLxwfn	Kumar Sanu	['filmi', 'modern bollywood']	[2019, 2020, 2021]	4	4
07YZf4WDAMNwqr4jfgOZ8y	Jason Derulo	['dance pop', 'pop']	[2020, 2021, 2022]	4	3
0tC995Rfn9k2l7nqgCZsV7	Prateek Kuhad	['folk-pop', 'hindi indie', 'indian indie', 'indian singer-songwriter']	[2019, 2020, 2021, 2022]	4	1
0NErdIJtuKBjtxKmlqaWdj	Divya Kumar	['filmi', 'indian folk', 'modern bollywood']	[2019, 2020, 2021]	4	4
78sIlhMniFgXlOrNWnPtIl	Tegi Pannu	['punjabi pop']	[2021, 2022]	4	4
6uskWv5K2FA0YOAYr7JOUz	Shalmali Kholgade	['filmi', 'modern bollywood']	[2019, 2020, 2021, 2022]	4	4
7uaIm6Pw7xplS8Dy06V6pT	Trevor Daniel	['melodic rap']	[2019, 2020, 2021, 2022]	4	1
5UJ2sHO2ELrgW6aXeRLTQQ	Chinmayi	['filmi', 'marathi pop', 'telugu worship']	[2019, 2021, 2022]	4	2
2zvJLk0gTH7r7A5Q6X5Bq8	Javed-Mohsin	['modern bollywood']	[2019, 2020, 2021, 2022]	4	4
1yzgJmZf5CxtFfGfRFm4Si	Gajendra Verma	['desi pop', 'filmi', 'modern bollywood']	[2019, 2020, 2021, 2022]	4	0
2ZzyxohC32i649slMn9Kgk	Inder Chahal	['desi pop', 'punjabi pop']	[2019, 2020, 2021]	4	4
1jPeDHvfU5Knw8VyOP6TZN	Dj Chetas	[]	[2019, 2020, 2021, 2022]	4	4
7JMBJmGMqw4H33HECyW4QP	Zack Knight	['desi hip hop', 'desi pop']	[2019, 2020, 2021, 2022]	4	2
1qFp8zDvsXyCsC5dqz8X4S	Sushin Shyam	['mollywood']	[2021, 2022]	4	4
0H39MdGGX6dbnnQPt6NQkZ	SAINt JHN	['melodic rap', 'slap house']	[2020, 2021]	4	4
5rGrDvrLOV2VV8SCFVGWlj	Imanbek	['electro house', 'pop dance', 'slap house']	[2020, 2021]	4	4
4fEkbug6kZzzJ8eYX6Kbbp	KK	['desi pop', 'filmi', 'modern bollywood']	[2020, 2021]	4	1
2auC28zjQyVTsiZKNgPRGs	RM	['k-rap']	[2019, 2020, 2021]	4	4
49YbNTLaaAbZHLtDI2aPGL	Tesher	[]	[2020, 2021, 2022]	4	1
7AKO4PWJ6ToZVUfA5xmsIY	Sunanda Sharma	['desi pop', 'punjabi pop']	[2019, 2020, 2021]	4	4
0fhunuOz2OuOEr3YK5ctSm	Thalapathy Vijay	[]	[2019, 2020, 2021]	4	4
4z0z82pXirH1TrygipQlOo	Afsana Khan	['punjabi pop']	[2019, 2020, 2021]	4	4
5yI5MjFLwQwfP24OxchqN1	Simar Kaur	[]	[2019, 2020, 2021]	4	4
5oL0GAI8fKD0Wgbr4Em9AS	Shooter Kahlon	['punjabi pop']	[2020, 2021]	4	4
5lfGXaGmQck7m2077vsKpy	Bhuvan Bam	['hindi indie']	[2019, 2020, 2021]	4	1
50iBEPSw6kQ8GQkumXz7XZ	Hesham Abdul Wahab	['mollywood']	[2021, 2022]	4	4
24BYRlsS8uIO4jA71mJ4Js	Imran Khan	['desi hip hop', 'desi pop', 'desi trap', 'modern bollywood', 'pakistani hip hop']	[2019, 2020, 2021, 2022]	4	0
0GM7qgcRCORpGnfcN2tCiB	Tainy	['pop reggaeton', 'reggaeton', 'trap latino', 'urbano latino']	[2019, 2020, 2021]	4	4
3GBSge8pq7mpezUQl0GAOA	Kausar Munir	['modern bollywood']	[2021, 2022]	4	4
0ebNdVaOfp6N0oZ1guIxM8	SUGA	['k-pop']	[2019, 2020, 2021]	4	4
2wY79sveU1sp5g7SokKOiI	Sam Smith	['pop', 'uk pop']	[2019, 2020]	4	2
6WnYIHyaTeR8cxmaWX9Rez	D'Evil	['desi hip hop', 'hindi hip hop', 'indian underground rap']	[2019, 2020]	4	4
45PG2L6Fh2XvYL4ONzpdoW	Dino James	['desi emo rap']	[2019, 2020]	4	3
5CCwRZC6euC8Odo6y9X8jr	Rita Ora	['dance pop', 'pop', 'uk pop']	[2019]	4	3
3bAFvRjPZrpRz9Ox1sElQa	Arjun Kanungo	['desi pop', 'filmi', 'modern bollywood']	[2019, 2020]	4	2
2F3KtUVtrt2GLjcl6pB4cz	Dhanush	['filmi', 'kollywood']	[2019, 2020]	4	4
0oXD3gW056DGEfWuEWcs7R	Kamaal Khan	['filmi', 'modern bollywood']	[2019]	4	4
3qdu3XhzSzkRhbwdFKnSuw	Sajid-Wajid	['filmi', 'modern bollywood']	[2019]	4	4
4Ga1P7PMIsmqEZqhYZQgDo	Lil Tecca	['melodic rap', 'pluggnb', 'rap']	[2019]	4	0
59pq5Vw16UDkR9txoPKv86	Prakriti Kakar	['modern bollywood']	[2019, 2020]	4	4
45eNHdiiabvmbp4erw26rg	ILLENIUM	['edm', 'melodic dubstep', 'pop dance']	[2019, 2020]	4	4
6lMIhndzcevFkVWSJnXPt2	Desi Crew	['punjabi pop']	[2019, 2020, 2022]	4	4
3KwmxIhSe9UTSEF37kwngR	SHAED	['electropop']	[2019, 2020]	4	3
60rpJ9SgigSd16DOAG7GSa	Billy Ray Cyrus	['country rock']	[2019, 2020]	4	4
7zFBW2JxM4bgTTKxCRcS8Q	Hiphop Tamizha	['desi hip hop', 'tamil hip hop', 'tamil pop']	[2019]	4	3
7b6Ui7JVaBDEfZB9k6nHL0	The Local Train	['hindi indie', 'indian indie', 'indian rock', 'new delhi indie']	[2019]	4	0
1dqPqXbxxYtCtLbKeAN2Ss	Akull	['desi hip hop', 'desi pop', 'punjabi pop']	[2019, 2020, 2022]	4	0
0yniDkE5y7ci4X9OtLBXaQ	Sukh-E Muzical Doctorz	['desi pop', 'punjabi pop']	[2019, 2020]	4	4
4VMYDCV2IEDYJArk749S6m	Daddy Yankee	['latin hip hop', 'reggaeton', 'trap latino', 'urbano latino']	[2019]	4	4
187TniBCUYUBlVTjmtsVi9	Music Mg	['punjabi pop']	[2019, 2020]	4	4
5lMNphVhMLvhFmTWiKiLA2	Zaeden	['hindi indie', 'indian edm']	[2019, 2020]	4	2
5eWpthiGD66CLD4bQjvIBp	Sanjay Leela Bhansali	['modern bollywood']	[2019, 2022]	4	4
7yZDrVInKssNCaZkAkQGTX	Lothika	[]	[2022]	4	4
2ZidX1aISGJ4iP7Bl1wgH2	Jass Manak	[]	[2020]	4	2
1XLWox9w1Yvbodui0SRhUQ	StaySolidRocky	['melodic rap']	[2020]	4	2
3tDW6dCyLHiuOq5eKnHCW3	Baani Sandhu	['desi pop', 'punjabi pop']	[2019, 2020, 2021]	3	3
76jfMJlfNPQsOBblO0ZaEA	Nora Fatehi	['desi pop']	[2019, 2020, 2021]	3	3
4hkB2bR5ek6lJChj6aunCn	Anuradha Paudwal	['bhajan', 'filmi', 'ghazal', 'hare krishna']	[2019, 2020, 2021]	3	2
1oMKeiHXRkg7tNqwhaS3fu	MC Altaf	['desi hip hop', 'desi trap']	[2020, 2021]	3	3
2ZRrPOjBIWoKK5rHedLijj	Abhijeet	['filmi', 'modern bollywood']	[2019, 2020, 2021]	3	3
1anyVhU62p31KFi8MEzkbf	Chance the Rapper	['chicago rap', 'conscious hip hop', 'hip hop', 'pop rap', 'rap']	[2019, 2020, 2021]	3	3
2cFrymmkijnjDg9SS92EPM	blackbear	['pop']	[2019, 2020, 2021, 2022]	3	0
4gdMJYnopf2nEUcanAwstx	Anuv Jain	['hindi indie', 'indian indie', 'indian singer-songwriter']	[2020, 2021, 2022]	3	0
2hlmm7s2ICUX0LVIhVFlZQ	Gunna	['atl hip hop', 'melodic rap', 'rap', 'trap']	[2020, 2021]	3	3
5L1lO4eRHmJ7a0Q6csE5cT	LISA	['k-pop']	[2021, 2022]	3	1
0GF4shudTAFv8ak9eWdd4Y	Kishore Kumar	['classic bollywood', 'filmi']	[2019, 2021]	3	3
3GdSQUH1BRtl9UrrtuwJlP	Irshad Kamil	['modern bollywood']	[2019, 2020, 2021]	3	3
00EnFy3rVaBe8K6HV1S7e5	Young Desi	[]	[2019, 2020, 2021]	3	3
3bCfmBmsKvp4UXialp6xNZ	Wazir Patar	['punjabi hip hop', 'punjabi pop']	[2021]	3	2
4utLUGcTvOJFr6aqIJtYWV	Skylar Grey	['piano rock', 'viral pop']	[2020, 2021]	3	3
5cBFMoMgcAt03YL2r0tS25	Raja Kumari	['desi hip hop']	[2019, 2020, 2021]	3	3
3hcs9uc56yIGFCSy9leWe7	Lil Durk	['chicago drill', 'chicago rap', 'drill', 'hip hop', 'rap', 'trap']	[2020, 2021]	3	3
4fxd5Ee7UefO4CUXgwJ7IP	Giveon	['r&b']	[2021, 2022]	3	2
757aE44tKEUQEqRuT6GnEB	Roddy Ricch	['melodic rap', 'rap', 'trap']	[2020, 2021]	3	2
4A2XSc4OJjuPY4l6NjnrDj	Ram Miriyala	['tollywood']	[2021, 2022]	3	2
4JXqxFqi9dxlsiXKZhKvzB	K. S. Harisankar	['malayalam pop', 'mollywood']	[2019, 2021]	3	3
5TNSXFCNwlq2CfiMcNOCDP	Lijo George-Dj Chetas	[]	[2019, 2020, 2021]	3	3
3FgHkfb3IqG4WKuVe1xCXM	Sukriti Kakar	['desi pop', 'filmi', 'modern bollywood']	[2019, 2020, 2021]	3	3
2UwDJeoMqYers5Jmm75zm2	Antara Mitra	['modern bollywood']	[2019, 2020, 2021, 2022]	3	3
6fWVd57NKTalqvmjRd2t8Z	24kGoldn	['cali rap']	[2020, 2021, 2022]	3	3
6ASri4ePR7RlsvIQgWPJpS	iann dior	['melodic rap']	[2020, 2021, 2022]	3	3
3nQ125TJobosBH446Dsvvv	Kavita Seth	['filmi', 'hindi indie', 'modern bollywood', 'sufi']	[2019, 2020, 2021, 2022]	3	3
3Isy6kedDrgPYoTS1dazA9	Sean Paul	['dance pop', 'dancehall', 'pop', 'pop rap']	[2021, 2022]	3	3
4IVAbR2w4JJNJDDRFP3E83	6LACK	['atl hip hop', 'melodic rap', 'r&b', 'rap', 'trap']	[2019, 2020, 2021]	3	3
3kjXatEg7YQ0geze2ChfH1	YSRBEATS	[]	[2019, 2021]	3	3
6gUdSMCfQUezlMkMyzD4Pi	TorontoMusicPlug	[]	[2019, 2021]	3	3
0mXr1ptu9iaUV9oGZr6JAk	TjProductions	[]	[2019, 2021]	3	3
5fvTHKKzW44A9867nPDocM	Ajay-Atul	['filmi']	[2019, 2020, 2021]	3	2
2wUjUUtkb5lvLKcGKsKqsR	Alessia Cara	['canadian contemporary r&b', 'canadian pop', 'pop']	[2019, 2021]	3	1
1U1el3k54VvEUzo3ybLPlM	Kali Uchis	['colombian pop']	[2021, 2022]	3	2
64UjPeMUmhyalooujVrEU3	Rahul Sathu	[]	[2021]	3	3
329e4yvIujISKGKz1BZZbO	Farruko	['reggaeton', 'trap latino', 'urbano latino']	[2019, 2020, 2021, 2022]	3	3
6pWcSL9wSJZQ9ne0TnhdWr	K-391	['nordic house']	[2019, 2020, 2021]	3	3
6iv4lysB1yHXoZJ2gfqTdh	Shashwat Singh	['indian fusion', 'modern bollywood']	[2020, 2021]	3	3
0wmFEqpoc2FgAv8IPtCLBW	Karan Sehmbi	['desi pop', 'modern bollywood', 'punjabi pop']	[2019, 2020, 2021, 2022]	3	3
3yMmYEklQ7gLOZXEFNd3xr	Palak Muchhal	['desi pop', 'filmi', 'modern bollywood']	[2019, 2020, 2021, 2022]	3	2
1292Fb98poF6N9aEk9oibw	Mehar Vaani	[]	[2021, 2022]	3	3
5rOZMdrXGCOXnmmCICga2Z	Sargun Mehta	[]	[2019, 2020, 2021]	3	3
7gXb99Sf9nNmpNYeAgIQFG	Sub Urban	['modern indie pop']	[2019, 2020, 2021]	3	1
4nK9FAS3HuQXcJva8gEWYT	Hommie Dilliwala	[]	[2020, 2021]	3	3
4qjiRRFcM4WZ0aJ3IHdWPN	Avvy Sra	['punjabi pop']	[2020, 2021, 2022]	3	3
7gOZcXPfLtLbFgUyHGV7cZ	Shipra Goyal	['punjabi pop']	[2019, 2020, 2021]	3	3
3mnR9SJ3hfV6EcrGKH44H9	Karan Randhawa	['desi pop', 'punjabi pop']	[2019, 2020, 2021]	3	1
2o4R2rK7FetH40HTv0SUWl	Monali Thakur	['filmi', 'modern bollywood']	[2019, 2020, 2021]	3	2
6S2OmqARrzebs0tKUEyXyp	Demi Lovato	['pop', 'post-teen pop']	[2020, 2021]	3	2
6WY7D3jk8zTrHtmkqqo5GI	Maren Morris	['classic texas country', 'contemporary country']	[2019, 2021]	3	2
2SyZp7V9vbRK1crDWxy4Ds	Sonam Bajwa	[]	[2019, 2021]	3	3
7hHDO4bJGlEaEHlY2lj1eZ	Bilal Saeed	['desi hip hop', 'desi pop', 'filmi']	[2019, 2020, 2021, 2022]	3	3
4GNC7GD6oZMSxPGyXy4MNB	Lewis Capaldi	['pop', 'uk pop']	[2019, 2020, 2021]	3	0
0WiZi3Q419nMpAQEqfBCbk	Mickey J. Meyer	['tollywood']	[2019, 2021, 2022]	3	3
1VwNP7mP5DmTsdJqQuW0nT	Ajey Nagar (CarryMinati)	['hindi hip hop']	[2020, 2021]	3	3
6VThiaywEMHlLUf8ThNxdg	Wily Frenzy	[]	[2020, 2021]	3	3
1Hsdzj7Dlq2I7tHP7501T4	Niall Horan	['pop']	[2019, 2021]	3	2
5HcunTidTUrOaf8V0iJcvl	Nusrat Fateh Ali Khan	['filmi', 'indian fusion', 'pakistani folk', 'qawwali', 'sufi', 'world']	[2019, 2020, 2021]	3	3
2LIk90788K0zvyj2JJVwkJ	Jack Harlow	['deep underground hip hop', 'kentucky hip hop', 'pop rap', 'rap']	[2020, 2021, 2022]	3	3
4buk1Dwc5ynSnOGVeMJOON	R Nait	['desi pop', 'punjabi pop']	[2019, 2021]	3	2
2oBG74gAocPMFv6Ij9ykdo	Seedhe Maut	['desi hip hop', 'hindi hip hop']	[2020, 2021]	3	3
7ltDVBr6mKbRvohxheJ9h1	ROSALÍA	['pop', 'r&b en espanol']	[2019, 2020, 2021]	3	3
0RMsiUCTjsdGjoKyhEm8Y4	Mamta Sharma	['filmi', 'modern bollywood']	[2019]	3	2
0GG56bFqGJ0zGjkOx7NTwm	Shah Rule	['desi hip hop', 'desi trap', 'hindi hip hop']	[2019]	3	3
2feDdbD5araYcm6JhFHHw7	Labrinth	['indie poptimism', 'pop']	[2019]	3	3
6IZ4ctovY9dl7bgHClAvKJ	LSD	[]	[2019]	3	3
2ScEhgArBEdKyU4vNHSyiY	Sunny Malton	['punjabi hip hop', 'punjabi pop']	[2019, 2022]	3	3
0EQ7TTs23yrdYKA2S588kt	Kaprila	[]	[2019, 2020]	3	3
3hv9jJF3adDNsBSIQDqcjp	Mark Ronson	['pop soul']	[2019]	3	3
0xRXCcSX89eobfrshSVdyu	MEDUZA	['pop dance', 'pop house', 'uk dance']	[2019, 2020]	3	3
2nm38smINjms1LtczR0Cei	Goodboys	['pop dance', 'uk dance']	[2019, 2020]	3	3
6nS5roXSAGhTGr34W6n7Et	Disclosure	['edm', 'house', 'indietronica', 'uk dance']	[2019, 2020]	3	3
5vwmYR4hN6lASQJUMWPrEL	Vayu	[]	[2019, 2020]	3	2
2cWZOOzeOm4WmBJRnD5R7I	Normani	['pop', 'r&b']	[2019]	3	2
5tvfyAT4aOIOkumo6vw1yL	Arjun	['desi hip hop', 'desi pop']	[2019, 2020]	3	3
3QSQFmccmX81fWCUSPTS7y	Dean Lewis	['australian pop', 'singer-songwriter pop']	[2019]	3	1
5y2Xq6xcjJb2jVM54GHK3t	John Legend	['neo soul', 'pop', 'pop soul', 'urban contemporary']	[2019]	3	2
4IWBUUAFIplrNtaOHcJPRM	James Arthur	['pop', 'talent show', 'uk pop']	[2019]	3	1
5pUo3fmmHT8bhCyHE52hA6	Liam Payne	['pop']	[2019]	3	3
6cEuCEZu7PAE9ZSzLLc2oQ	R3HAB	['dutch house', 'edm', 'electro house', 'pop dance', 'progressive electro house', 'slap house']	[2019]	3	3
3KDhyMTFZlrfAO0zK18z4t	Mickey Singh	['desi pop']	[2019, 2020]	3	3
0cGUm45nv7Z6M6qdXYQGTX	Kehlani	['pop', 'r&b']	[2019, 2020]	3	3
38IHJBGBuaYXHEkIQd4DtF	Altamash Faridi	['modern bollywood']	[2019, 2020]	3	3
5wQDQFm7Ku8WWGi5xqJ9lp	Jyotica Tangri	['desi pop', 'filmi', 'modern bollywood']	[2019, 2020]	3	3
1ciT67XXpG2HOVsLQjKdv6	Ankur Tewari	['indian indie', 'indian rock', 'indian singer-songwriter']	[2019, 2022]	3	3
6SsTlCsuCYleNza6xGwynu	Agnes	['swedish electropop', 'swedish idol pop', 'swedish pop']	[2019]	3	3
2fVW2ix4ANKiofDZIsy1XR	Vargas & Lagola	['swedish pop']	[2019]	3	3
4eHycMGKslAXJLcLO4F82x	Bunty Bains	[]	[2019, 2020]	3	3
4ItzUQL1OI4JNDGNdKHR1K	Navraj Hans	['modern bollywood']	[2019]	3	3
7KEQQy9VJpx2xaojUu2VTp	The Landers	['desi pop', 'punjabi pop']	[2019]	3	0
4DdkRBBYG6Yk9Ka8tdJ9BW	Offset	['atl hip hop', 'rap', 'trap']	[2019, 2020]	3	3
0id62QV2SZZfvBn9xpmuCl	Aloe Blacc	['pop soul', 'r&b']	[2019]	3	3
6ZLTlhejhndI4Rh53vYhrY	Ozzy Osbourne	['album rock', 'alternative metal', 'birmingham metal', 'classic rock', 'glam metal', 'hard rock', 'metal', 'nu metal', 'rock']	[2019]	3	3
5Yz2RjLWPx1PcIRoiot9Sc	The Doorbeen	['desi pop']	[2019, 2020]	3	3
5aLCSARkIADqbSrMOrunOH	Vee	['punjabi pop']	[2019, 2020]	3	3
68ePdYvtRgq9CiPzv6fapI	Salman Khan	['desi pop', 'filmi', 'modern bollywood']	[2019, 2020]	3	2
1KCSPY1glIKqW2TotWuXOR	P!nk	['dance pop', 'pop']	[2019]	3	1
6eYFryfcEu3QSq59D62wZQ	Brendon Urie	[]	[2019]	3	3
49tQo2QULno7gxHutgccqF	LANY	['la pop']	[2019, 2020]	3	3
7CajNmpbOovFoOoasH2HaY	Calvin Harris	['dance pop', 'edm', 'electro house', 'house', 'pop', 'progressive house', 'uk dance']	[2019, 2020]	3	3
790FomKkXshlbRYZFtlgla	KAROL G	['reggaeton', 'reggaeton colombiano', 'trap latino', 'urbano latino']	[2019, 2020]	3	3
6z9kS2dZQbqNV69wfrCZAR	Nikk	['desi pop', 'punjabi pop']	[2019, 2020]	3	1
3O5HD95HTEPgoPFOjAb7yV	DripReport	['viral rap']	[2020]	3	1
0fA0VVWsXO9YnASrzqfmYu	Kid Cudi	['hip hop', 'ohio hip hop', 'pop rap', 'rap']	[2020]	3	3
26cMerAxjx9GedFt0lMDjm	Bella Poarch	['modern alternative pop']	[2021]	2	1
4BFLElxtBEdsdwGA1kHTsx	ElGrandeToto	['arabic hip hop', 'rap maroc']	[2021]	2	2
3Bej6ikcqBylMRbkX1DKpu	Chamath Sangeeth	['sinhala pop']	[2021]	2	2
6hyCmqlpgEhkMKKr65sFgI	Yohani	['sinhala indie']	[2021]	2	2
6HDjrqj5bbSESYOj89PtP9	Simiran Kaur Dhadli	['punjabi pop']	[2020, 2021]	2	1
7qPISKHhhKDLZTmYcX7bWd	Stylo G	['dancehall', 'uk dancehall']	[2020, 2021]	2	2
3vQ75vDDu0nhfHuEW3n17Z	Phenom	[]	[2020, 2021]	2	2
12l1SqSNsg2mI2IcXpPWjR	M. M. Keeravani	['vintage tollywood']	[2021, 2022]	2	2
4dpARuHxo51G3z768sgnrY	Adele	['british soul', 'pop', 'pop soul', 'uk pop']	[2021, 2022]	2	0
4cAERazLlAzVGA10ORWaUP	Manoj Muntashir	[]	[2021, 2022]	2	2
0du5cEVh5yTK9QJze8zA0C	Bruno Mars	['dance pop', 'pop']	[2021]	2	1
4qIVPF0s71ZYW3qzhu5GkF	Kina	['sad lo-fi']	[2019, 2020, 2021]	2	2
7KHA7OOevgTDFhlym0oEyP	Adriana Proenza	['spanish indie pop']	[2019, 2020, 2021]	2	2
1H4ZvA2yyK7wCmbvEUWvPn	Rahul Sipligunj	['tollywood']	[2019, 2020, 2021, 2022]	2	2
4tejKImNVmDcORNBuZ1l14	Kala Bhairava	['tollywood']	[2020, 2021, 2022]	2	1
5gVozagAcRKYCeAVnlC3Nk	Vilen	['desi hip hop']	[2020, 2021, 2022]	2	0
6MPCFvOQv5cIGfw3jODMF0	Internet Money	['pop rap']	[2020, 2021]	2	2
4Gso3d4CscCijv0lmajZWs	Don Toliver	['rap', 'trap']	[2020, 2021]	2	2
1pDF5UltcypyatITA3Pduo	Mangli	['tollywood']	[2019, 2020, 2021]	2	1
0OytfiwNkc1KzXE4ImyjgW	Gulab Sidhu	['punjabi pop']	[2020, 2021]	2	1
2NjfBq1NflQcKSeiDooVjY	Tones And I	['australian pop']	[2019, 2020, 2021]	2	0
0lAWpj5szCSwM4rUMHYmrr	Måneskin	['indie rock italiano', 'italian pop', 'pop']	[2021, 2022]	2	0
56mfhUDKa1vec6rSLZV5Eg	Jawsh 685	['nz pop']	[2020, 2021]	2	2
0z4gvV4rjIZ9wHck67ucSV	Akon	['dance pop']	[2021, 2022]	2	0
6AgTAQt8XS6jRWi4sX7w49	Polo G	['chicago rap', 'rap']	[2021]	2	1
2CkrXQPoBz8jTQ3u0ZeLPh	Nucleya	['desi hip hop', 'desi pop', 'hindi hip hop', 'indian edm', 'indian indie']	[2021, 2022]	2	2
47GH9lsbudQDWNTgIHTr9a	Aroob Khan	[]	[2020, 2021]	2	0
06MWXAofHwT2tS9EyF1TpJ	Kptaan	['punjabi pop']	[2021]	2	0
7qATomOqJzoJiuEpAaxOXd	Sandeep Shrivastava	[]	[2020, 2021, 2022]	2	2
0j2LQCxHNcJdkuJRa8KEp5	Pav Dharia	['desi pop', 'punjabi pop']	[2019, 2021, 2022]	2	1
7uX1emIGgmfAgtHNRAK50Z	Ved Sharma	['desi pop']	[2020, 2021]	2	2
1Cs0zKBU1kc0i8ypK3B9ai	David Guetta	['big room', 'dance pop', 'edm', 'pop', 'pop dance']	[2019, 2021, 2022]	2	2
2ISiyx4DLCMAMBCvPesCoq	JONY	['russian dance', 'russian pop']	[2020, 2021]	2	0
3PyJHH2wyfQK3WZrk9rpmP	Ashnikko	['alt z', 'escape room']	[2020, 2021]	2	1
58o8gC55d5XSsI2MlTZ3M5	NseeB	['punjabi hip hop', 'punjabi pop']	[2020, 2021]	2	2
3gdKEsvYBUHdtLMmECIN4q	Brijesh Shandilya	['sufi']	[2019, 2021]	2	2
7zCChitz4Xn1O7OqXjOhhR	Vicky	['punjabi pop']	[2019, 2021, 2022]	2	1
5xCwGA4dNswK7zR0QJgVOt	VICKY SINGH	['indian lo-fi']	[2021]	2	0
1ZChN8G1Y7CJ0TXbrvblwS	Asim Azhar	['pakistani pop', 'sufi']	[2020, 2021]	2	1
4oaJL0V5asQDh4sqplTVhX	Fazilpuria	['desi hip hop', 'haryanvi hip hop']	[2019, 2020, 2021]	2	2
5Hn84AFwiTEi8eMoI5B9AS	Silambarasan TR	['filmi', 'tamil pop']	[2021, 2022]	2	2
3eVa5w3URK5duf6eyVDbu9	ROSÉ	['k-pop']	[2021]	2	0
2o08sCWF5yyo2G4DCiT7T9	HVME	['slap house']	[2020, 2021]	2	1
4RlnRVxKm3jnUzOP4czbIK	Yash Narvekar	['modern bollywood']	[2019, 2020, 2021]	2	2
4VS3XraXs2LRsowQnQ7VFh	Lijo George	['modern bollywood']	[2019, 2020, 2021]	2	2
38EmEgXkgK51MT2tPY0EoC	Bobby Helms	[]	[2019, 2020, 2021]	2	0
1UAzmnFgjizIDvtHvnCdEq	Stebin Ben	['desi pop', 'filmi', 'modern bollywood']	[2021]	2	2
08mu3VEvLCIWDq4t0NNoTN	Sikander Kahlon	['desi hip hop', 'punjabi hip hop']	[2020, 2021]	2	2
4bWGzsNAtfPp8P7pSBukH8	Jasmin Walia	['desi pop']	[2019, 2020, 2021]	2	2
1psakk7GVUl85AnTEvwtk2	DHARIA	[]	[2019, 2020, 2021]	2	0
0m3D4grap8VFSzbJMqgNVk	Kumaar	[]	[2019, 2020, 2021, 2022]	2	2
0w0mlcvl7QH28Cs28O6waY	Akshay Kumar	['modern bollywood']	[2020, 2021, 2022]	2	2
2vCsnF6h4c2b1csudqJiV5	Nupur Sanon	[]	[2020, 2021, 2022]	2	2
4tgxFlmtGx08MtTKWeqEuR	Amitabh Bachchan	['classic bollywood', 'filmi']	[2019, 2020, 2021]	2	1
05dG9pMLRWenxzvSmefE6U	MixSingh	['punjabi lo-fi']	[2021]	2	2
4C19flKmMm12gRxmBJWMCV	Varinder Brar	['haryanvi hip hop', 'punjabi pop']	[2021]	2	0
2WzaAvm2bBCf4pEhyuDgCY	Ruth B.	['alt z', 'canadian contemporary r&b', 'canadian pop', 'pop']	[2021, 2022]	2	1
74KM79TiuVKeVCqs8QtB0B	Sabrina Carpenter	['pop']	[2019, 2020, 2021, 2022]	2	2
3JsHnjpbhX4SnySpvpa9DK	V	['j-division', 'korean ost']	[2020, 2021, 2022]	2	0
1lr0MlyZ8Q24eFtn7gcMmI	Harini Ivaturi	[]	[2021, 2022]	2	2
6k6dimE4a6OFnD0HWmkIUW	Tochi Raina	['filmi', 'modern bollywood']	[2019, 2020, 2021, 2022]	2	2
3cqeO3muWIW5uSmUDNCmyT	Rekha Bhardwaj	['filmi', 'modern bollywood']	[2019, 2020, 2021, 2022]	2	2
7arQA31aZVS8yS6zUveWzb	CJ	['nyc rap']	[2020, 2021]	2	0
4rTv3Ejc7hKMtmoBOK1B4T	Ali Gatie	['canadian hip hop']	[2020, 2021]	2	0
15UQcr22jcc6DJjy3sLv3J	Rashmeet Kaur	['desi pop', 'modern bollywood', 'punjabi pop']	[2021, 2022]	2	2
7pauOFC9bRqioSX30AvNkG	IP Singh	[]	[2021, 2022]	2	2
2B4azLEfuhlG2ykxCaQJWk	Sweetaj Brar	[]	[2020, 2021]	2	2
5gZhfbckaWo89OzDSk3gdT	Jaani	['punjabi pop']	[2020, 2021]	2	2
5kPOMQZvgkAEnRZqwn9SYQ	Jaideep Sahni	['modern bollywood']	[2019, 2020, 2021]	2	2
6GKgflSYzKRuWOUG4GSHAO	Sahdev Dirdo	[]	[2021]	2	2
2UQfVqI2XtVkZXYKRAJHbC	Rico	[]	[2021]	2	2
1W7FNibLa0O0b572tB2w7t	Pink Sweat$	['bedroom soul']	[2020, 2021, 2022]	2	0
67XQGZSc63AMXMINY8H7Fx	Tarsem Jassar	['desi pop', 'punjabi pop']	[2021, 2022]	2	0
21UPYSRWFKwtqvSAnFnSvS	Amaarae	['afro r&b', 'afrobeats', 'alternative r&b', 'ghanaian alternative', 'ghanaian pop']	[2021, 2022]	2	2
2hVWBpjLW4Q7fboYz2pVYK	Moliy	['ghanaian alternative']	[2021, 2022]	2	2
0b0W2yD1KHcihQiJSltxY0	Leena Bose	[]	[2020, 2021]	2	2
1sSYaQBOI71QZDZ9OWW3hp	Chani Nattan	[]	[2021, 2022]	2	2
0FJz7XR37hH69traaHLijA	Shaarib Toshi	['desi pop', 'filmi', 'modern bollywood']	[2019, 2020, 2021]	2	2
0Y5Wgx4aNU8Jm4T9OxI22o	Money Musik	[]	[2021, 2022]	2	2
6ohaQzKaXrobAL8paLSaxq	Salim–Sulaiman	['filmi', 'indian folk', 'modern bollywood']	[2019, 2020, 2021]	2	2
1TbRSunWGZ46mqnapcWxrm	Salim Merchant	['modern bollywood']	[2019, 2020, 2021]	2	2
3BmI2nuXJ2sCiVa3miR7PT	Ilam	[]	[2021, 2022]	2	2
4b19vuzlDcNdU4quI7L6sW	ElyOtto	['hyperpop', 'weirdcore']	[2021]	2	0
2JexWjjyHRNgAiDXNn7rsV	Nilotpal Bora	['assamese pop']	[2019, 2021]	2	0
5NHm4TU5Twz7owibYxJfFU	King	['desi pop', 'hindi hip hop']	[2021, 2022]	2	1
5nfZOPYU4aFJii2PCGALu2	Darshana Rajendran	[]	[2021, 2022]	2	2
10shJL4t1SGF0r24bg627p	Khushalii Kumar	[]	[2021, 2022]	2	2
1mcTU81TzQhprhouKaTkpq	Rauw Alejandro	['puerto rican pop', 'reggaeton', 'trap latino', 'urbano latino']	[2021]	2	2
3m49WVMU4zCkaVEKb8kFW7	Ilaiyaraaja	['classic kollywood', 'filmi']	[2020, 2021]	2	2
6q29t5RuXxlBuqIZsOMQss	Priya Saraiya	['gujarati pop', 'modern bollywood']	[2019, 2021, 2022]	2	2
44oMI9xI4kcCub3qbpYPdb	Emraan Hashmi	[]	[2021, 2022]	2	2
74OaRjmyh0XyRZsQQQ5l7c	Jasleen Royal	['desi pop', 'filmi', 'indian singer-songwriter', 'modern bollywood']	[2020, 2021, 2022]	2	2
3QJUFtGBGL05vo0kCJZsmT	salem ilese	['alt z', 'modern indie pop']	[2020, 2021]	2	1
6U3ybJ9UHNKEdsH7ktGBZ7	JID	['hip hop', 'rap', 'underground hip hop']	[2021, 2022]	2	2
57nPqD7z62gDdq37US9XJR	Arcane	[]	[2021, 2022]	2	2
47mIJdHORyRerp4os813jD	League of Legends	['speedrun', 'video game music']	[2021, 2022]	2	2
0xWGBvlwCBHAgXyR7TmPwp	Hriday Gattani	['hindi indie']	[2020, 2021]	2	2
4obzFoKoKRHIphyHzJ35G3	Becky G	['latin pop', 'latin viral pop', 'rap latina', 'reggaeton', 'urbano latino']	[2019, 2020, 2021]	2	1
6qHSmCSSt6CvCD4i2FbOV9	Adaab Kharoud	[]	[2020, 2021]	2	2
2IUtwMti1OiT3lkW6RubgH	K. S. Chithra	['filmi']	[2020, 2021]	2	2
1QHr8p3h0ayWLaaYK0X6bi	Dhibu Ninan Thomas	['tamil pop']	[2019, 2021, 2022]	2	2
4xd7mLI7urqrxELaXhAvzw	Shekhar Ravjiani	['filmi', 'modern bollywood']	[2020, 2021]	2	2
1GH0DojDQJeEKQ4BDMShAL	Gana Balachandar	[]	[2020, 2021]	2	2
0zcKJMI0E5YGHl7vIXPUPZ	Aavrutti	['desi hip hop', 'hindi hip hop']	[2019]	2	2
0HS00NN7MAfF59aJnfcxSO	Stephanie Poetri	['indonesian pop']	[2019]	2	0
77ziqFxp5gaInVrF2lj4ht	Sech	['panamanian pop', 'reggaeton', 'trap latino', 'urbano latino']	[2019]	2	2
7c0XG5cIJTrrAgEC3ULPiq	Ty Dolla $ign	['hip hop', 'pop rap', 'r&b', 'southern hip hop', 'trap', 'trap soul']	[2019]	2	2
77AiFEVeAVj2ORpC85QVJs	Steve Aoki	['edm', 'electro house', 'pop dance']	[2019]	2	2
0hEurMDQu99nJRq8pTxO14	John Mayer	['neo mellow', 'singer-songwriter']	[2019]	2	1
1MIVXf74SZHmTIp4V4paH4	Mabel	['pop', 'uk pop']	[2019]	2	0
48RCl7AbbfhC60EN8a80Op	Jigar Saraiya	['modern bollywood']	[2019]	2	1
3Fl1V19tmjt57oBdxXKAjJ	Blueface	['cali rap', 'rap']	[2019]	2	1
0A0FS04o6zMoto8OKPsDwY	YG	['cali rap', 'hip hop', 'pop rap', 'rap', 'southern hip hop', 'trap']	[2019]	2	2
6WixbETKEXH0xBf0OB9kRB	Shadab Faridi	[]	[2019]	2	2
0EeQBlQJFiAfJeVN2vT9s0	Nipsey Hussle	['conscious hip hop', 'gangster rap', 'hip hop', 'pop rap', 'rap', 'southern hip hop', 'trap']	[2019]	2	2
2wmT2Bx63mrFKMYGQieYi3	Jasbir Jassi	['modern bollywood']	[2019, 2020]	2	2
1igVsxmGxt1VTKPulM0EuA	Jungleboi	[]	[2019]	2	2
7yO17B2aZWbkuTh5kpgee4	Chandra Dixit	[]	[2019, 2020]	2	2
3JhNCzhSMTxs9WLGJJxWOY	Macklemore	['pop rap', 'seattle hip hop']	[2019]	2	2
4UXqAaa6dQYAk18Lv7PEgX	Fall Out Boy	['emo', 'modern rock', 'pop', 'pop punk', 'rock']	[2019]	2	2
7Io0XduXk7aOHFHA7sLru2	Bonn	['swedish pop']	[2019]	2	2
6Ad91Jof8Niiw0lGLLi3NW	YUNGBLUD	['british indie rock', 'modern rock', 'pov: indie', 'rock']	[2019]	2	2
4exLIFE8sISLr28sqG1qNX	Travis Barker	['rap rock']	[2019]	2	2
4iDroUFo89Y7YBsdDTBmTD	Sueco	['cali rap']	[2019]	2	0
5p7f24Rk5HkUZsaS3BLG5F	Hailee Steinfeld	['pop']	[2019]	2	2
4AVFqumd2ogHFlRbKIjp1t	Alesso	['dance pop', 'edm', 'electro house', 'pop', 'pop dance', 'progressive electro house']	[2019]	2	2
57LYzLEk2LcFghVwuWbcuS	Summer Walker	['r&b']	[2019]	2	2
57WHJIHrjOE3iAxpihhMnp	Louis Tomlinson	['pop']	[2019]	2	0
73oabrcxZFkgjgeJBP5uJC	Shail Hada	['filmi', 'modern bollywood']	[2019, 2022]	2	2
0vRvGUQVUjytro0xpb26bs	Arizona Zervas	['pop rap', 'rhode island rap']	[2019, 2020]	2	0
29cBzYwqCZF4fjCisS8UvU	Inno Genga	['tamil pop']	[2019, 2020]	2	2
13ubrt8QOOCPljQ2FL1Kca	A$AP Rocky	['east coast hip hop', 'hip hop', 'rap', 'trap']	[2019]	2	2
7Gui07OSDQGktpwL3oH8yt	Kameron	[]	[2019]	2	2
4iPWkK6w5BekqTgXcg8f7L	Gowtham Bharadwaj	['tollywood']	[2019]	2	2
4aKee88VYIQpk7cOJGVwmO	Ragini	[]	[2019, 2020]	2	2
6fOMl44jA4Sp5b9PpYCkzz	NF	['hip hop', 'pop rap']	[2019]	2	0
2ae6PxICSOZHvjqiCcgon8	S. P. Balasubrahmanyam	['filmi']	[2019, 2020]	2	2
1dfeR4HaWDbWqFHLkxsg1d	Queen	['classic rock', 'glam rock', 'rock']	[2019]	2	0
7DcUua74PM7MmBljTTjIyy	Shiraz Uppal	['classic pakistani pop', 'pakistani pop', 'sufi']	[2019, 2022]	2	2
20JZFwl6HVl6yg8a4H3ZqK	Panic! At The Disco	['pop']	[2019]	2	2
1GDbiv3spRmZ1XdM1jQbT7	NATTI NATASHA	['latin pop', 'rap latina', 'reggaeton', 'urbano latino']	[2019]	2	2
4ec676jWgAuvEZZg0y7dBy	Nitin Mukesh	['classic bollywood', 'filmi']	[2019]	2	2
7haLHbJDuh7ZPdFM78PtPg	Saloni Thakkar	[]	[2019]	2	2
3jNaDQZQjbidKVJrIhhibh	Raaj Aashoo	['modern bollywood']	[2019]	2	2
7muzHifhMdnfN1xncRLOqk	Flux Pavilion	['brostep', 'classic dubstep', 'complextro', 'edm', 'electro house']	[2019]	2	2
6wKxOKEA3K6R2UZ3COLXEY	Elohim	['alt z', 'electropop', 'indie poptimism', 'indietronica', 'la pop']	[2019]	2	2
6C1ohJrd5VydigQtaGy5Wa	Joyner Lucas	['boston hip hop', 'hip hop', 'pop rap', 'rap']	[2019]	2	2
4ZhFCxPekpmV12n2xMeF2z	Ink	[]	[2019]	2	2
2RJawMqX9ESxws2KMtHyP3	Deep Jandu	['desi hip hop', 'desi pop', 'punjabi hip hop', 'punjabi pop']	[2019, 2020]	2	2
2JkJfNbvLY88Fvzspynu6G	Singhsta	[]	[2019, 2020]	2	2
39fT56OHEL2E98zDKrqBsC	Nikhil D'Souza	['desi pop', 'indian indie', 'modern bollywood']	[2019, 2020]	2	2
13y7CgLHjMVRMDqxdx0Xdo	Gucci Mane	['atl hip hop', 'dirty south rap', 'hip hop', 'pop rap', 'rap', 'southern hip hop', 'trap']	[2019]	2	2
5JYo7gm2dkyLLlWHjxS7Dy	Sandro Cavazza	['swedish pop']	[2019]	2	2
4lDBihdpMlOalxy1jkUbPl	Grey	[]	[2019]	2	2
2R21vXR83lH98kGeO99Y66	Anuel AA	['reggaeton', 'reggaeton flow', 'trap boricua', 'trap latino', 'urbano latino']	[2019]	2	2
4LnYRxNZVCTsDCO2xKjOn8	Shahid Mallya	['filmi', 'modern bollywood']	[2019]	2	2
4V8LLVI7PbaPR0K2TGSxFF	Tyler, The Creator	['hip hop', 'rap']	[2019, 2022]	2	1
22JdJVovP3pV9XkGTih01c	Game of Thrones	[]	[2019]	2	2
2G1EstqVdKjJfk7G58S9DC	P S Jayhari	['mollywood']	[2019]	2	2
6qcIg4IPLulyc03mWR87N8	Kanika Kapoor	['desi pop', 'filmi', 'modern bollywood']	[2019, 2022]	2	2
0w7vYjdZtzd1zSmPfY0mKe	Sunny Vik	[]	[2019, 2020]	2	2
3aAy6jFZLqqDUlMGSZcyaZ	Karthik Rao	['indian singer-songwriter']	[2019, 2020]	2	1
6vWDO969PvNqNYHIOW5v0m	Beyoncé	['pop', 'r&b']	[2019, 2020]	2	1
5LcSNp7wOf6h5Lvhv23hF9	Sreenath Bhasi	['mollywood']	[2022]	2	2
5Uvn1P3OFu268QovsUAnDu	Madan Mohan	['classic bollywood', 'filmi', 'indian instrumental', 'modern bollywood']	[2022]	2	2
3UpmjPgIFSGqnxXuiwD014	Javed Akhtar	['classic bollywood', 'filmi']	[2022]	2	2
4wwYGgSpeBtvk5WX6HBqzw	Aditya A	['hindi indie']	[2022]	2	0
1QO8PBgZ3Cv1xtKyw9ihjT	Byg Byrd	['punjabi hip hop', 'punjabi pop']	[2020, 2022]	2	2
4LEiUm1SRbFMgfqnQTwUbQ	Bon Iver	['chamber pop', 'eau claire indie', 'indie folk', 'melancholia', 'modern rock']	[2020]	2	2
1Pn6pKlgzxcH6iIRp08dQr	Sonu Kakkar	['filmi', 'modern bollywood']	[2020]	2	2
4zEoVSkyaIZWC5DSRUvvbb	Carryminati	['indian underground rap']	[2020]	2	0
0eDvMgVFoNV3TpwtrVCoTj	Pop Smoke	['brooklyn drill', 'rap']	[2020]	2	1
2JbE7jUIGtpXSzytnyMg6U	Curtis Waters	[]	[2020]	2	2
44rJuOJLavqhY6qGgpQW4U	Harm Franklin	['alberta hip hop']	[2020]	2	2
6WZ8WCYWROs8IyMJOPeJ4G	Korala Maan	['punjabi pop']	[2020]	2	1
4vIsAZx8AolYa6paJphDGY	Nirvair Pannu	['punjabi pop']	[2020]	2	0
7n5rLZ6NonT1BXW1fQmbuA	Fotty Seven	['desi hip hop']	[2020]	2	2
1bqxdqvUtPWZri43cKHac8	MAX	['viral pop']	[2020]	2	2
235N4J1kQVI9kfqGF8Ntnl	Shivam Mahadevan	[]	[2020]	2	2
4O15NlyKLIASxsJ0PrXPfz	Lil Uzi Vert	['melodic rap', 'philly rap', 'rage rap', 'rap', 'trap']	[2020]	2	2
6nVcHLIgY5pE2YCl8ubca1	Jhayco	['reggaeton', 'trap latino', 'urbano latino']	[2020]	2	2
7n2Ycct7Beij7Dj7meI4X0	TWICE	['k-pop', 'k-pop girl group', 'pop']	[2020]	2	0
6DVipHzYsPlIoA0DW8Gmns	"Royce Da 5'9"""	['detroit hip hop', 'gangster rap', 'hardcore hip hop', 'hip hop']	[2020]	2	2
3B3pVT24J4ROpfNDEqmEt2	Harish Sivaramakrishnan	['malayalam indie', 'mollywood']	[2020]	2	2
6zgwrmV9jFjebmXjOCnkAj	KhanBhainixMankiratPannu	[]	[2021]	1	0
45LSiycLy1JsWUMObvPvpX	Gurnam Bhullar	['desi pop', 'punjabi pop']	[2021]	1	1
5he5w2lnU9x7JFhnwcekXX	Skrillex	['brostep', 'complextro', 'edm', 'electro', 'pop dance']	[2021]	1	1
1FcvyZdMkasVx0hbIc6WCg	Kidakuzhi Mariyammal	[]	[2021]	1	1
5SuRAj1A9FEHj5NxS86YAm	Shafqat Amanat Ali	['classic pakistani pop', 'filmi', 'modern bollywood', 'sufi']	[2021]	1	0
1rNCHLdAWPEmXSVAghhslN	Anass Marbouh	[]	[2021]	1	1
3N3y9RPCdGRECp1MWJr00c	Satheeshan	['sinhala pop']	[2021]	1	1
6TLwD7HPWuiOzvXEa3oCNe	Oliver Tree	['alternative hip hop']	[2021]	1	0
4tZwfgrHOc3mvqYlEYSvVi	Daft Punk	['electro', 'filter house', 'rock']	[2019, 2020, 2021, 2022]	1	1
49ZlTVpGT3NxLkTRpPcYO2	Chandana Dixit	[]	[2020, 2021]	1	1
785y6F5AHHafGaFaRdpMtz	Amaal Nuux	['canadian contemporary r&b', 'somali pop']	[2021]	1	1
3tVQdUvClmAT7URs9V3rsp	Wizkid	['afrobeats', 'afropop', 'azonto', 'azontobeats', 'nigerian hip hop', 'nigerian pop']	[2021, 2022]	1	1
77DAFfvm3O9zT5dIoG0eIO	Kyla	['uk funky']	[2021, 2022]	1	1
26R3WRFIf6FbbNAQuMIjkN	Hemachandra Vedala	['filmi', 'tollywood']	[2021]	1	1
5dz42IMRAYRfEn0igXDjoz	Love to Sing	"[""nz children's music""]"	[2021]	1	0
5g3uG8zZZANGT6YOssgjfC	Lenka	[]	[2021]	1	0
3TnHUGTOpN3yuYw59iGMSd	Serena	[]	[2021, 2022]	1	0
6f5kUMXGROFtdAtxXZwing	Wajid	['filmi', 'modern bollywood']	[2021]	1	1
59fYphinaqBfGBtrQ4p9Hv	Ganesh Chandanshive	[]	[2021]	1	1
2VSHKHBTiXWplO8lxcnUC9	GAYLE	['modern alternative pop']	[2021, 2022]	1	0
70706ST5lkFhPr9lgea7SU	Parul Mishra	[]	[2021]	1	0
3bn93QEHOITZ4ARuiZdfRA	Morrisson	['london rap', 'uk hip hop']	[2021]	1	1
19qTGIm0oATLXTyeacYCQP	Tania	['rock kapak']	[2020, 2021]	1	1
2WgfkM8S11vg4kxLgDY3F5	StarBoi3	['viral rap']	[2021]	1	1
45dkTj5sMRSjrmBSBeiHym	Tate McRae	['alt z', 'pop']	[2020, 2021]	1	0
3GB9ulskXfPOQCzw0SNEDx	Niranjana Ramanan	['tamil pop']	[2021]	1	1
1btklM4yoTaKiVjLodLrOh	VIBIE	['indian lo-fi']	[2021]	1	0
3kTRwHuAvpLQmaxjtCUEXq	Darsh Dhaliwal	['punjabi pop']	[2021]	1	1
4dM6NDYSfLcspt8GLoT5aE	Hippie Sabotage	['edm', 'electronic trap']	[2021]	1	0
1JydyoYCEY3j5NSeagX44i	2jaym	['goa hip hop']	[2021]	1	1
0nh5cRtt03SU6LhzhVC5fv	Sublahshini	[]	[2021]	1	1
4aopF0aU0Nbu5GtSorXV0W	The PropheC	['desi hip hop', 'desi pop', 'punjabi pop']	[2021, 2022]	1	0
2KhDedackjZfysiu7T7AwN	Megha Sriram Dalton	[]	[2020, 2021, 2022]	1	1
1ZCPRtzF2CRFnP9OYHQGmN	Anugrah	[]	[2020, 2021, 2022]	1	1
6dJeKm76NjfXBNTpHmOhfO	Selena Gomez & The Scene	['pop']	[2021]	1	0
44vREmJC0OlVZjZaGLqVEd	Morray	['pop rap']	[2021]	1	1
6QrQ7OrISRYIfS5mtacaw2	Jaymes Young	['indie poptimism']	[2021, 2022]	1	0
47ayujifWygPTXPOQHT6K8	Diljit Dosanjh	[]	[2021]	1	0
5IH6FPUwQTxPSXurCrcIov	Alec Benjamin	['alt z', 'pop', 'pov: indie']	[2020, 2021, 2022]	1	0
4D75GcNG95ebPtNvoNVXhz	AFROJACK	['big room', 'dance pop', 'dutch house', 'edm', 'electro house', 'pop dance', 'progressive electro house']	[2021, 2022]	1	1
3jw2v5ZbSWBinNaECXq8cJ	Ghibran	['filmi', 'tamil pop']	[2021]	1	1
7iTLGcddv1bOPirdYJjKVy	Dj Yo!	[]	[2021, 2022]	1	1
5fUXK5m3BNwoRgTyKq8tnz	AX'EL	[]	[2021, 2022]	1	1
6lay1nwbE6hTx1jivysUAL	Princess Nokia	['alternative r&b', 'escape room', 'lgbtq+ hip hop', 'trap queen']	[2021]	1	1
5fDnhohLUsWhN7MUXse3QS	Lalit Sen	['modern bollywood']	[2019, 2020, 2021]	1	1
4AA474G2hRfrHyGrfyDseO	Mozzy	['cali rap', 'sacramento hip hop']	[2021]	1	1
1WsYCXdezMjn0KoIrLvMmC	Ed Sheeran & Justin Bieber	[]	[2020, 2021]	1	1
50thCBDfS2n5li3QyBy5N1	Muzistar	[]	[2021]	1	1
6G2dxtT1uVQuzErBZsw7Ur	Himani Kapoor	[]	[2021]	1	1
72APa8QPdPUhGzNMciz1wI	Neelesh Misra	['bhojpuri folk']	[2021]	1	1
0ru4hXR4RJY1mikvbQKgWa	Jon Lajoie	['comedy rap', 'comic', 'parody']	[2021]	1	0
0RMirruXjTtSl8fckjj6v9	Raj Shoker	[]	[2021]	1	1
2Bu3DMTHHdXW4jnhoWHhPa	Chorus	['french movie tunes', 'vintage broadway']	[2021]	1	1
647Ivke8w05hNzKHs68ZSY	Deepak Dhillon	['punjabi pop']	[2021]	1	1
1I5eQkzyM8jCVZIM3k2bKL	Ember Island	['swedish electropop']	[2021]	1	0
36vLOasO8BD2hzG9nab0ED	Shrey Singhal	['desi pop', 'modern bollywood']	[2020, 2021]	1	0
195qkbxEVKnlW17eOOcpB8	Parth Desai	['indian lo-fi']	[2021]	1	0
3ECABaRxsq69KSAvAhnjPB	I.N.D.N	['indian lo-fi']	[2021]	1	0
4YgUVg4p7xtMOrOS4GjiJZ	Jatin-Lalit	['afghan pop', 'chutney', 'classic bollywood', 'filmi']	[2021, 2022]	1	1
5cB4d4jPYjMT326sjihQ4m	Shaan	['filmi', 'modern bollywood']	[2021, 2022]	1	1
4oVMLzAqW6qhRpZWt8fNw4	Kailash Kher	['filmi', 'indian folk', 'modern bollywood', 'sufi']	[2021, 2022]	1	1
0e7Xsukwik0zDaqCcSvJTg	Prasoon Joshi	[]	[2021, 2022]	1	1
3nFkdlSjzX9mRTtwJOzDYB	JAY-Z	['east coast hip hop', 'gangster rap', 'hip hop', 'pop rap', 'rap']	[2021]	1	1
7zYj9S9SdIunYCfSm7vzAR	JEON SOMI	['k-pop']	[2021]	1	0
06V3WlbxMpgl639AJoFH7C	Sri Krishna	['tollywood']	[2021, 2022]	1	1
4xUI2yJe8cZHYGhS8rk1oR	Prudhvi Chandra	['tollywood']	[2021, 2022]	1	1
20wkVLutqVOYrc0kxFs7rA	Daniel Caesar	['canadian contemporary r&b']	[2021, 2022]	1	1
7xyGjFQhwVUrjYeGTzehMG	Zenab Fatimah Sultan	[]	[2021]	1	1
2pVurQy6iuWWx707gilSdX	Yazin Nizar	['tollywood']	[2021]	1	1
1bRcW8SnU3AKrhzxnbdR64	Maragadhamani	['kollywood']	[2021]	1	1
6R33h8YbB5fFg8RdJdQ6bL	Rokesh	[]	[2021, 2022]	1	1
0SrOoISCcqWMq27CrEA5vo	Jaspreet Jasz , Shreya Ghoshal	[]	[2021]	1	0
5e7jC00VGhxRpK5f9ahXhX	Roshini JKV	[]	[2021, 2022]	1	1
682M6cmwGHOyAB1ZmPv38W	Gurnazar	['desi pop', 'punjabi pop']	[2021]	1	1
3W78vKR2pmGmYbtNDnN9kl	Akky	[]	[2021]	1	0
6833GgqHOy9y9Dqnsxko1u	Amari	[]	[2021, 2022]	1	1
48cVwD5hffidwvlxLCc2pm	Zehr Vibe	['punjabi pop']	[2021, 2022]	1	0
6XFdJvhd2eFrJoHeCiPHI5	Badshah,Uchana Amit	[]	[2021]	1	1
1Cd373x8qzC7SNUg5IToqp	BoyWithUke	['sad rap']	[2021, 2022]	1	0
2wDTo0nO2ZKJN7VUeGmuyg	Renuka Panwar	['haryanvi pop']	[2020, 2021]	1	1
5Td6KQryvTcq1k6zUxy3Mh	MJ	[]	[2020, 2021]	1	1
0cZUnZAl3WmjGJwEVcBqEH	Ajay	['marathi pop']	[2020, 2021]	1	0
137W8MRPWKqSmrBGDBFSop	Wiz Khalifa	['hip hop', 'pittsburgh rap', 'pop rap', 'rap', 'southern hip hop', 'trap']	[2020, 2021]	1	1
6ivte6aFersdzMprXpVDiO	Dhruv Vikram	['tamil pop']	[2019, 2020, 2021]	1	1
3bYGK3QTL74pMUVbcgkIza	Banita Sandhu	[]	[2019, 2020, 2021]	1	1
5iA6cWdcxhEFUZvx39ClfI	Sunil Kamath	[]	[2020, 2021]	1	0
3U9BgfNjBB0CXWhrXdtdbv	Kaka WRLD	['haryanvi hip hop']	[2021, 2022]	1	0
6bmhUYiasV6rSORgLmHYZ4	Srivardhani Kuchi	['tollywood']	[2021, 2022]	1	1
0RVVocHucskI9ump9JUJyv	Aditi	[]	[2021, 2022]	1	1
1GcAgSs5t6sadg2O8efjEu	Satya Yamini	['telugu indie']	[2021, 2022]	1	1
4ZWAzDyWt9NdjhvZvTaM5U	Roshini	['classic kollywood', 'tamil pop']	[2021, 2022]	1	1
22KTsf5b5SeYNOypXpyYBr	Tejaswini	[]	[2021, 2022]	1	1
2fMqTqiTxUDlmcOEPaQSsx	Amitabh Bhattacharya	['modern bollywood']	[2019, 2020, 2021]	1	1
5bfAUrOk56E4d7StZboxZM	Satnam Singh 5 Rivers	[]	[2021]	1	1
6eFajqN4A2ys32Yq1oexYB	Mad Yardies	[]	[2021]	1	1
78NGdhTf5oKXObZbj278qk	Neha Nair	['mollywood']	[2021]	1	1
1UhspKnJSXSz6I0pFtZhuy	Nushrratt Bharuccha	[]	[2021]	1	1
3klZnJvYGIbWritVwQD434	Duncan Laurence	['dutch pop']	[2021, 2022]	1	0
4Uc8Dsxct0oMqx0P6i60ea	Conan Gray	['bedroom pop', 'pop', 'pov: indie']	[2020, 2021]	1	0
1opCEf85NTZSE7YkxLCvmV	Shehnaaz Gill	[]	[2021]	1	1
6jGMq4yGs7aQzuGsMgVgZR	Lil Tjay	['brooklyn drill', 'melodic rap', 'nyc rap', 'rap']	[2021]	1	1
5ZIlMkkDjzkBFmPo93mEpf	mrsickaz	['philly drill']	[2021]	1	1
3jk39CGeaaSO3FPKNx1RUx	Syd	['alternative r&b', 'lgbtq+ hip hop']	[2021]	1	1
0LqSWTlLvalcwFJjdj4fil	Ipsitaa	[]	[2020, 2021]	1	1
63yrD80RY3RNEM2YDpUpO8	Melanie Martinez	['alt z', 'electropop', 'pop']	[2020, 2021]	1	0
6TRoD57nepxtpziVbxDOSs	Parry Sidhu	['punjabi pop']	[2021]	1	1
3Y5nIabMJLTsWgW6Jqdn7n	Hanita Bhambri	['hindi indie', 'indian indie', 'indian singer-songwriter']	[2021]	1	1
5ghnxpW47ojtLHHyTLdxdY	Witt Lowry	['indie pop rap']	[2021, 2022]	1	1
0vkpFzbSTmwPuGGnhsblFI	Ajay Gogavale	[]	[2019, 2020, 2021]	1	1
01dP5AXWzqsUZj4VIcUSDM	Sahithi Chaganti	['tollywood']	[2021]	1	1
3ZSbXArE6mxOleJnsumK4u	eAeon	['k-indie', 'korean electropop']	[2021]	1	1
28kGdf2ant8i73Fab2F7xq	Amantej Hundal	['desi pop', 'punjabi pop']	[2021]	1	1
61pvU6ZLOF3bl0IOtbmME7	Emelie Hollow	['norwegian pop']	[2019, 2020, 2021]	1	1
55gbXGYO6aftrjYTarHqIx	Vicky Singh	['indian lo-fi']	[2021]	1	0
3IJsrpcwlIt9wYIFISmc4q	Uma Mohan	['mantra']	[2020, 2021, 2022]	1	0
3LLNDXrxL4uxXtnUJS5XWM	Alexander Rybak	[]	[2021]	1	0
5ZVycSnntFQRyXFpO6TdsU	Amrita Singh	[]	[2019, 2020, 2021, 2022]	1	1
3wZBspj86lRk2XLf4gfnSE	Shruti Pathak	['filmi', 'modern bollywood']	[2019, 2020, 2021, 2022]	1	1
7D2MUg2cnFbZnHzedomxwb	Kedrock	[]	[2019, 2020, 2021, 2022]	1	1
64DWU48XFNJjT0wZ7xyl1X	Sd Style	[]	[2019, 2020, 2021, 2022]	1	1
1qcVHIPfwFFc0gMnAxG9I1	Nawazuddin Siddiqui	[]	[2021]	1	1
6SZBqn91m2QZDcbzmHUFPP	Shamur	[]	[2021, 2022]	1	1
6pgJBbF3h8R4XlwetvZ9J3	Yashita Sharma	['modern bollywood']	[2020, 2021]	1	1
2LtSNhjLF0YPtPeC66Bd0f	Manish Kumar Tipu	[]	[2020, 2021]	1	1
0XL6ie7a0NY5FM05b9Rn5L	Farhan Akhtar	['filmi', 'modern bollywood']	[2020, 2021]	1	1
2oLVeyUyYNFELwC93iZWGG	Mounika Yadav	['telugu folk']	[2021, 2022]	1	0
7Ks3elJhSP20mD04lgiA68	Devlin	['grime']	[2021]	1	1
14PimM6ohO2gYftuwTam9V	KiDi	['afrobeats', 'ghanaian pop']	[2021]	1	0
2Yf4MRVpt0rcAd5y5h5ph1	Caralisa Monteiro	['modern bollywood']	[2020, 2021]	1	1
5as8A4G47Ohu9NSWs3Je8U	Asha Bhosle	['chutney', 'classic bollywood', 'filmi']	[2021]	1	1
2zGP2SUtwsDhdyYzf0kKp8	Vaishali Samant	['filmi', 'marathi pop']	[2021]	1	1
7h79JnwJEjrnCCyGrxTdZM	Sumit Goswami	['haryanvi pop']	[2020, 2021]	1	0
7uc8AizyyDG8ujFdTxZ7q5	Chaitan Bharadwaj	['tollywood']	[2020, 2021]	1	1
5DxxK2XiSaYG6cfI8bzmm5	Dhanashree	[]	[2021]	1	1
54R6Y0I7jGUCveDTtI21nb	Boney M.	['europop']	[2021]	1	0
2NoJ7NuNs9nyj8Thoh1kbu	Hariharan	['filmi', 'ghazal']	[2020, 2021, 2022]	1	0
6RQDTlies3nrNDJwXvbBZT	Otilia	['romanian pop']	[2020, 2021]	1	0
2gXOOKY8mmJG6iwHrTq9gp	Jawad Ahmad	['classic pakistani pop', 'modern bollywood', 'pakistani pop']	[2019, 2020, 2021]	1	1
1ZKWEgONUTL99f0niqmUA4	Arun Kaundinya	[]	[2021]	1	0
5V2HiLnG5lasODb0y5iwVf	Arun Chiluveru	['tollywood']	[2021]	1	1
163tK9Wjr9P9DmM0AVK7lm	Lorde	['art pop', 'metropopolis', 'nz pop', 'pop']	[2021]	1	0
6wa1AsxB9oJP7lwNSmbcYx	Daler Mehndi	['bhangra', 'filmi', 'modern bollywood']	[2021]	1	1
1P0xN5daAiUEebg0m8pY2O	Varun Dhawan	[]	[2019, 2020, 2021, 2022]	1	1
6bmlMHgSheBauioMgKv2tn	Powfu	['sad lo-fi', 'sad rap']	[2020, 2021]	1	1
35l9BRT7MXmM8bv2WDQiyB	beabadoobee	['bedroom pop', 'bubblegrunge', 'indie pop', 'pov: indie']	[2020, 2021]	1	1
5FOhBMFQo0pDhvISlFmxdi	Radhan	['tamil pop']	[2021]	1	1
3jK9MiCrA42lLAdMGUZpwa	Anderson .Paak	['escape room', 'hip hop', 'indie soul', 'neo soul']	[2021]	1	1
6PvvGcCY2XtUcSRld1Wilr	Silk Sonic	['neo soul']	[2021]	1	1
5lpH0xAS4fVfLkACg9DAuM	Wham!	['new romantic', 'new wave', 'new wave pop', 'soft rock']	[2019, 2020, 2021]	1	0
4OUraoZcwg1SsMHFjuaajw	Tanveer Evan	['bangla pop']	[2021]	1	1
2pXBuKCgIX7qJEa2Dfm21a	Ahmed Shakib	['bangla pop']	[2021]	1	1
52yAITEPYVr5ZEQL0KJyQX	Sivam	[]	[2021, 2022]	1	1
5TpOSeyAEemyBoj4OkfMQe	Marianne D'Cruz	[]	[2019, 2020, 2021]	1	1
1lmU3giNF3CSbkVSQmLpHQ	Surf Mesa	[]	[2020, 2021]	1	1
4ArPQ1Opcksbbf3CPwEjWE	Emilee	['social media pop']	[2020, 2021]	1	1
6ZRc7PfdJm7wgxfLrmQiXL	Gaby Fuego	[]	[2021, 2022]	1	1
4GEyPR3J4DYvuTRuPJQ0CW	Anvita Dutt Guptan	[]	[2021]	1	1
65jsdEMz2d1jbIECHqAhFr	Jaspreet Jasz	['tollywood']	[2021]	1	1
2KC9Qb60EaY0kW4eH68vr3	ITZY	['k-pop', 'k-pop girl group']	[2021]	1	0
4ONKKiZXVVuz5nAWCUnnjG	Stephen Zechariah	['tamil pop']	[2021, 2022]	1	1
4fbPpuZDZjzbTdGIwhD45a	Srinisha Jayaseelan	['tamil pop']	[2021, 2022]	1	1
2L16nDKTxhFGaDriR2AHTB	Lucky Ali	['filmi', 'modern bollywood']	[2020, 2021]	1	0
2ExGrw6XpbtUAJHTLtUXUD	Stefflon Don	['dancehall', 'dancehall queen', 'uk dancehall', 'uk hip hop']	[2021]	1	1
7b79bQFziJFedJb75k6hFt	Tion Wayne	['london rap', 'uk hip hop']	[2021]	1	1
1h6Cn3P4NGzXbaXidqURXs	Swedish House Mafia	['edm', 'pop dance', 'progressive electro house']	[2021]	1	1
2FLqlgckDKdmpBrvLAT5BM	Eric Nam	['k-pop']	[2021]	1	1
2wX6xSig4Rig5kZU6ePlWe	KSHMR	['big room', 'dutch house', 'edm', 'electro house', 'indian edm', 'pop dance', 'progressive electro house', 'slap house']	[2021]	1	1
6WaQm4n7YfvvH7r94yMAeu	Bjorn Surrao	[]	[2021]	1	1
4ojkMVHjuDZgDXSJy5qs2h	Madhubanti Bagchi	[]	[2021, 2022]	1	1
7zfceKY7I04Tc0J2o7043h	Mansheel Gujral	[]	[2020, 2021]	1	1
71hjb5G92mGoKRSAW3Cj00	Anu Malik	['filmi', 'modern bollywood']	[2021]	1	1
6RF8hEdlUKoLPQOHmBbHiM	Yasser Desai	['desi pop', 'filmi', 'modern bollywood']	[2020, 2021, 2022]	1	1
0LSPREIgGMZXCuKVel7LVD	Karthik	['filmi']	[2021]	1	0
1cNcHeOmjm7yKUYWhrmjMM	Indravathi Chauhan	[]	[2021, 2022]	1	0
60kysL4FgqddaXHTvH9nGr	Kiran Dhormare	[]	[2021]	1	0
08Ld63UgKrJ0nZnCkzHtzc	Project Pat	['crunk', 'dirty south rap', 'gangster rap', 'memphis hip hop', 'trap']	[2021]	1	1
03iJDZgebs4CLNrriGzyw4	Bhavatharini	['filmi']	[2021]	1	1
51CkNYOrEaNCFHaW5XHeQ5	Rizwan	[]	[2021]	1	1
4wP1kxjUsc9IR4Iy2smL7o	Trinidad Cardona	['sped up']	[2021]	1	0
48nnpb95KOKktkP7GooORm	Ranvir	[]	[2021]	1	0
4yvcSjfu4PC0CYQyLy4wSq	Glass Animals	['gauze pop', 'indietronica', 'modern rock', 'pov: indie', 'shiver pop']	[2021, 2022]	1	0
5LrOikR4dNgBA8JwZO68NE	Tanishk-Vayu	[]	[2020, 2021, 2022]	1	1
0BKx4UjPvXVGY15u0xFbbi	JAY1	['uk hip hop']	[2021]	1	1
58ICshZ0AgBMNJiLHK3U8l	Deno	['uk hip hop']	[2021]	1	1
4CqzwlyoNSvoGeMk7NiMhd	AR Paisley	['toronto rap']	[2021, 2022]	1	1
4iHNK0tOyZPYnBU7nGAgpQ	Mariah Carey	['dance pop', 'pop', 'urban contemporary']	[2019, 2020, 2021]	1	0
281Vp9LDrWkHMHQzfQHWCt	Rashid Ali	['filmi', 'modern bollywood']	[2021, 2022]	1	0
26ks59eSno7UlPCdljHQoI	Shirley Setia	['desi pop', 'modern bollywood']	[2019, 2020, 2021, 2022]	1	1
2bWTIIQP9zaVc55RaMGu7e	Seori	['korean r&b']	[2021]	1	1
3YVD2aXecw8JQuWkGAuf7t	Zara Khan	[]	[2021, 2022]	1	1
5diMmmNkRVfgUnXJrzXzjZ	Javed Bashir	['classic pakistani pop', 'pakistani pop', 'qawwali', 'sufi']	[2021]	1	1
0qS0rxCY4YfrUx9GCTlDIW	Malaysia Vasudevan	['classic kollywood', 'filmi']	[2021]	1	1
5Xpg6PBSUOoho2lI9qLjiu	S. Janaki	['classic kollywood', 'filmi']	[2021]	1	1
0RdFLtxyUpC7CXCRTc57PZ	M. Ashraf	[]	[2021]	1	1
6kNlPxUqmZMUyeGRMrWnuQ	The Fusion Project	[]	[2020, 2021]	1	1
5eNWCMZp9c9ve6lrVKYPbe	Sidhart Ji	['indian lo-fi']	[2021]	1	0
5sK8BsvyDl4TFA6KaBf8or	Charly Black	['dancehall', 'jamaican dancehall']	[2021]	1	0
4nJ0kto93jDLHQKmpGeYS8	Anvita Dutt	[]	[2021, 2022]	1	1
07ziSY1M5vTjGnNtW9WNeR	Ananthakrrishnan	[]	[2021]	1	1
4bvGDTEPFnllKiJaEZGuXk	Achint	['indian folk']	[2020, 2021]	1	0
7gXy60xRcwYujBFoYHnR2O	Big Red Machine	['eau claire indie', 'folktronica']	[2021]	1	1
7IlRNXHjoOCgEAWN5qYksg	Aya Nakamura	['basshall', 'pop urbaine', 'r&b francais']	[2021]	1	0
5Obu9ifz8EKdm0uL5CvgUY	Rocky - Shiv	[]	[2019, 2020, 2021]	1	1
2TJHmhbmT7L3gw2NKyDTHh	Manu Pilas	[]	[2020, 2021]	1	0
6N2AGiendWS3zevn0dnQ6k	Jam8	[]	[2021]	1	1
1WgXqy2Dd70QQOU7Ay074N	AURORA	['art pop', 'norwegian pop']	[2021]	1	0
6JZPJPlOcGSQaVLQKJ1qQ3	Himanshi Khurana	[]	[2020, 2021]	1	1
0ZwLuYX3Fe14PhonPeqd5X	Surbhi Jyoti	[]	[2021, 2022]	1	1
3ipn9JLAPI5GUEo4y4jcoi	Ludacris	['atl hip hop', 'dance pop', 'dirty south rap', 'hip hop', 'old school atlanta hip hop', 'pop rap', 'rap', 'southern hip hop', 'trap']	[2021]	1	1
4reUTWYBJ5qo98SW1sXMGv	Vineet Singh	[]	[2021, 2022]	1	1
2MMPzBpMeCZVPRnV5mddc3	Aaman Trikha	['filmi', 'modern bollywood']	[2021, 2022]	1	1
2hUs5obIONKDUDIsCbAi9t	Raja Game Changerz	['punjabi pop']	[2021]	1	0
7E9wGxw32KF4mY8l6w9iF0	Nindy Kaur	['desi hip hop']	[2019, 2020, 2021]	1	1
4IJczjB0fJ04gs4uvP0Fli	Gym Class Heroes	['dance pop', 'pop rap']	[2021, 2022]	1	1
4bYPcJP5jwMhSivRcqie2n	Adam Levine	['deep talent show']	[2021, 2022]	1	1
7sHlKGTwriTbRtSKthhQFt	Shardul Rathod	[]	[2021, 2022]	1	1
61P6g4b3TgZ9m2caJlXS4K	Ndee Kundu	['haryanvi hip hop', 'haryanvi pop']	[2021]	1	0
42k1aOQmLqy5YQmqJ2zq8s	Shaan Rahman	['mollywood']	[2021, 2022]	1	1
77CpK8W1pBsAITFE3zVeOI	Narayani Gopan	['mollywood']	[2021, 2022]	1	1
3mVQkEy8bTczhoTmCWTRbh	Mithun Jayaraj	['mollywood']	[2021, 2022]	1	1
4mBxoO0pAcMbAwuTcrcLMc	Alisha Chinai	['filmi', 'modern bollywood']	[2021, 2022]	1	1
4ziCsS6bX7D9e5cuCVRktx	Jass Bajwa	['desi pop', 'punjabi pop']	[2021]	1	1
0PSwUlsuLrXzPlWIMW8wFZ	Nishawn Bhullar	['bhangra', 'desi pop', 'punjabi pop']	[2021]	1	1
3MP2WJg5D3bmH5Mz2scPF8	DJ Flow	['punjabi pop']	[2021]	1	1
5Dr08SCxyjTmDovDDRZCa2	Shree Brar	['punjabi pop']	[2021]	1	1
6dGJfSrWE2z9oBj7wZXG5q	Bobby Sandhu	[]	[2021]	1	1
45W4EDnXayqLZPpJQJAKN3	Santhosh Dhayanidhi	['tamil pop']	[2021]	1	1
76Z6SMQPibr8qI24AhdvbJ	Rakshita Suresh	['tamil pop']	[2021]	1	1
2OnjoU7DZQVdp2xMVmtikz	Midi Blosso	['sped up']	[2021]	1	0
70NcAr4ZtA3FAqU16iQZSb	dhruv	['nyc pop']	[2021]	1	0
52ad6RmMKGcmhRrOFCyKfH	Taraannum Mallik	[]	[2021]	1	1
0w4e7HVbqAHFPN6VkIlvhe	Suresh Wadkar	['bhajan', 'classic bollywood', 'filmi', 'garhwali pop', 'hare krishna']	[2021]	1	1
3e23DvNuM4Z78nPsX8P1D9	Lalitya Munshaw	['bhajan', 'gujarati garba', 'gujarati pop', 'hare krishna']	[2021]	1	1
5VcLs7XsTFlhhaW3I4i4gC	Param Singh	['desi pop', 'punjabi pop']	[2019, 2020, 2021]	1	1
3e9ZR0XkxQ7Vdn8PmaWndH	Kamal Kahlon	['punjabi pop']	[2019, 2020, 2021]	1	1
0RtUBiNhBsOTwY3GQWFAVT	Pratik Studio	['punjabi pop']	[2019, 2020, 2021]	1	1
611kJcFqEoj80sHHFeDECi	Kamal Khaira	['desi pop', 'punjabi pop']	[2021]	1	0
04Z0eGz8f3oRz1AolSNtvf	Ayesha Darbar	[]	[2021]	1	1
2kS7t5vt2L9Zruax48K1tH	S. P. Sailaja	[]	[2021]	1	1
2mtBaRhBcNuM7iggmCUWKG	Mr. Xherlie	[]	[2021]	1	1
5iFpawHJKxZQzSiX3WLY3s	Nikhil Singh	[]	[2021]	1	1
66PGnr0hE7ZIcWir6IwitB	Sooraj Santhosh	['tollywood']	[2021]	1	1
7Bo2dGFMSkPVyx4S9oZnlG	Manak-E	['bhangra']	[2021]	1	1
5HpcBK6oDCSpdKubzEtZ2S	Nilesh Ranjan	[]	[2021]	1	0
5vV3bFXnN6D6N3Nj4xRvaV	JIN	['k-pop']	[2021]	1	0
0nMjhemqRwrboQGcs92fh2	Kapil Kapilan	['tamil pop']	[2021, 2022]	1	1
4hGFNXuWut4b2sfJCJJNEo	Kanishk Seth	['hindi indie', 'indian indie']	[2021, 2022]	1	1
0nFIPa2qOn5ODHEWi3Ywan	Sanjana Sanghi	[]	[2021]	1	1
1R2iRWvuwwokMKGHirNGTD	Serhat Durmus	['arab trap', 'turkish trap']	[2021]	1	1
32Wdf3LOdSMeo8ituCMxqY	Zerrin	[]	[2021]	1	1
7fc9ZrMgda9ugNGz5DOTtw	Blockboi Twitch	['canadian hip hop']	[2021]	1	1
5iSzaah2lEZaCgm5f1bVQm	Sreeram	[]	[2021]	1	1
0LikRZIcLgKr4L7a37xpmx	Harjit Harman	['punjabi pop']	[2021]	1	1
2kkQthS9OLpK4UqNWYqoVl	Jeet Gannguli	['desi pop', 'filmi', 'modern bollywood', 'west bengali pop']	[2021, 2022]	1	1
2VXIKojJeuVC7NyOQs4JlE	Jassi Sidhu	['bhangra', 'desi hip hop', 'desi pop']	[2021]	1	1
5yoqPvofOHrBc3Z6VZyTsj	Andrea Jeremiah	['filmi', 'kollywood', 'tamil pop']	[2021, 2022]	1	0
2JSYASbWU5Y0fVpts3Eq7g	R. D. Burman	['chutney', 'classic bollywood', 'filmi']	[2021]	1	1
6XtaRFNn99x6GUHiu0q4k1	Amit Gupta	[]	[2019]	1	1
20sxb77xiYeusSH8cVdatc	Meek Mill	['hip hop', 'philly rap', 'pop rap', 'rap', 'southern hip hop', 'trap']	[2019]	1	1
0SfsnGyD8FpIN4U4WCkBZ5	Armin van Buuren	['dutch house', 'dutch trance', 'edm', 'pop dance', 'progressive house', 'trance']	[2019]	1	0
5T8zbK3dic52T9bFu0aY8z	Sophia Somajo	['swedish electropop']	[2019]	1	1
5INjqkS1o8h1imAzPqGZBb	Tame Impala	['australian psych', 'modern rock', 'neo-psychedelic', 'rock']	[2019]	1	0
5JMLG56F1X5mFmWNmS0iAp	Chelsea Cutler	['alt z']	[2019]	1	1
6vXTefBL93Dj5IqAWq6OTv	French Montana	['hip hop', 'pop rap', 'rap', 'southern hip hop', 'trap']	[2019]	1	1
1fctva4kpRbg2k3v7kwRuS	Rvssian	['reggaeton', 'trap latino', 'urbano latino']	[2019]	1	1
1TtXnWcUs0FCkaZDPGYHdf	Darell	['latin hip hop', 'reggaeton', 'trap latino', 'urbano latino']	[2019]	1	1
3oSJ7TBVCWMDMiYjXNiCKE	Kane Brown	['black americana', 'contemporary country', 'country', 'country road']	[2019]	1	1
6wnx3CHIWmuaOWubIXn6UE	Rohan Rohan	[]	[2019]	1	1
2o5jDhtHVPhrJdv3cEQ99Z	Tiësto	['big room', 'brostep', 'dutch edm', 'edm', 'house', 'pop dance', 'slap house', 'trance']	[2019]	1	1
6wmETiZFS8CviwUTaeoVgf	Guri	['desi hip hop', 'desi pop', 'doujin', 'punjabi pop']	[2019]	1	0
324yz9K4ufBcGkcgUhTiHH	TUSHAR JOSHI	[]	[2019]	1	1
142TY556WknD1ZRV8XilJQ	Joe Janiak	[]	[2019]	1	1
4QVBYiagIaa6ZGSPMbybpy	Pedro Capó	['latin pop', 'puerto rican pop']	[2019]	1	1
17lzZA2AlOHwCwFALHttmp	2 Chainz	['atl hip hop', 'hip hop', 'pop rap', 'rap', 'southern hip hop', 'trap']	[2019]	1	1
3ADyFy1orEwODaiHmRRMQp	Puri	['basshall']	[2019, 2020]	1	1
5ugsiK49gIkIVh8U93EO0z	Ami Mishra	['modern bollywood']	[2019]	1	1
2dnnS3sjCk9OHns6kAYI19	Pardeep Singh Sran	[]	[2019]	1	1
5azWSYXVoLKYKHlR5zNJ7i	Sharry Mann	['desi pop', 'punjabi pop']	[2019]	1	1
4WfXu0xIHhthU5Jb5x3hRq	Mista Baaz	['punjabi pop']	[2019]	1	1
3DTalSHLti0CveytD1gTZ6	Barachi	[]	[2019]	1	0
5vBrKGOjN10BMwB0cJADj4	bülow	['alt z', 'indietronica']	[2019]	1	1
25uiPmTg16RbhZWAqwLBy5	Charli XCX	['art pop', 'candy pop', 'metropopolis', 'pop', 'uk pop']	[2019]	1	1
2QMCcKIPHnjQaPPgoEst88	Matisse & Sadko	['dutch house', 'edm', 'electro house', 'pop dance', 'progressive electro house', 'progressive house', 'russian edm', 'sky room']	[2019]	1	1
7J7YzKnvAyEmHCg7LGWW0G	Alex Aris	[]	[2019]	1	1
6USMTwO0MNDnKte5a5h0xx	Y2K	['pop rap', 'viral rap']	[2019, 2020]	1	1
41X1TR6hrK8Q2ZCpp2EqCz	bbno$	['canadian hip hop', 'dark trap', 'meme rap']	[2019, 2020]	1	1
6JLGEFnVJdNtYCmc4bIf4Z	Saifan	[]	[2019]	1	1
0cWoBv3cKhNM18FbRFy2x2	Sammohit	['desi hip hop']	[2019]	1	1
3dGrwo7RwaXjGfwhbbEkff	Sledge	[]	[2019]	1	1
1TkSouZfZExf1qQUa7bkdL	Frenzzy	[]	[2019]	1	1
5mZ0Ee8OG1U9c4Wv2FKqvs	Karan Kanchan	['desi hip hop', 'samurai trap']	[2019]	1	1
1yxSLGMDHlW21z4YXirZDS	Black Eyed Peas	['dance pop', 'pop', 'pop rap']	[2019, 2020]	1	1
4FJhE5ToBQGzOGf0D5Xd1C	Abhijeet Srivastava	['desi pop']	[2019, 2020]	1	1
6beUvFUlKliUYJdLOXNj9C	King Princess	['alt z', 'indie pop', 'nyc pop']	[2019]	1	1
63XBtGSEZINSyXylZxEUbv	Victoria Monét	['alternative r&b']	[2019]	1	1
7r7WoKowe8dCfQCl9GACDM	Swasti Mehul	['indian singer-songwriter']	[2019, 2020]	1	1
1eMmoIprPDWeFdB1FxU6ZV	Au/Ra	['alt z', 'deep pop edm']	[2019]	1	1
6064pL9Hu3Wx2bwJMeOx6o	Tomine Harket	[]	[2019]	1	1
30wJusyU4fVHzMW3m8Zodc	Sachin Sanghvi	['gujarati garba', 'gujarati pop', 'modern bollywood']	[2019]	1	1
7IVzXMMN7fFi7PXxPhXcAB	Manj Musik	['desi hip hop']	[2019]	1	1
3XogEyWUGyJGPSIjKuR2Qc	Atul Sharma	['shabad']	[2019]	1	1
7o7doCwqft91WC690aglWC	Sanam	[]	[2019]	1	0
47SaOSOqcrxSJNZUuqpLuu	Jay Trak	['punjabi pop']	[2019]	1	1
6uZv9f2du7TdOlOr5IjLE1	Shabab Sabri	['filmi']	[2019]	1	1
5koewnCqudpBxeTjCrwCuJ	Sajid	[]	[2019]	1	1
6PUZZX4GCzeFS0GaDWxVwz	Maher Zain	['nasheed', 'rif', 'sholawat']	[2019]	1	1
5UjifI1TYefXWn9GdqDOHl	Social House	[]	[2019]	1	1
3RqBeV12Tt7A8xH3zBDDUF	Kelsea Ballerini	['contemporary country', 'country']	[2019]	1	1
0QicOPoGCIHxlRFG0I4r9H	Jassi	[]	[2019]	1	1
0e7CeMLWQvF5yxIV0U7VpX	Shyam Bhateja	[]	[2019]	1	1
3P6BWZyi5871LwRpjTlcX8	Ranu Mondal	[]	[2019]	1	1
2auiVi8sUZo17dLy1HwrTU	Solange	['afrofuturism', 'alternative r&b', 'r&b', 'urban contemporary']	[2019]	1	0
0b1sIQumIAsNbqAoIClSpy	j-hope	['k-pop', 'k-rap']	[2019]	1	1
5l78zXA0RNE96IP45w3d5t	Shamir Tandon	[]	[2019]	1	1
1yPxhYU2w6xPFY2jpkzyCI	Akshay Kumar & Nupur Sanon	[]	[2019, 2020]	1	1
14scxEoUN7Dcx1m4EQ7oHe	Ashley O	[]	[2019]	1	0
7epmfBKl7ZzyjVZf9Hlx8A	KID	[]	[2019]	1	1
279ZItWl3nzCaO4SJJdzAN	Alyssa Mendonsa	['modern bollywood']	[2019]	1	1
1YDHJp6tlLwbVaqL0qZ6Qx	Ravi Mishra	[]	[2019]	1	1
3ZZzT0naD25RhY2uZvIKkJ	EVERGLOW	['k-pop', 'k-pop girl group']	[2019]	1	0
738wLrAtLtCtFOLvQBXOXp	Major Lazer	['dance pop', 'edm', 'electro house', 'moombahton', 'pop', 'pop dance']	[2019]	1	1
4rojTfP5nRkmYpdSbWQgV4	Death Stranding: Timefall	['video game music']	[2019]	1	1
70voqWnL1gpuxodufMgBt4	Abhijit Vaghani	['modern bollywood']	[2019]	1	1
3e7awlrlDSwF3iM0WBjGMp	Little Mix	['girl group', 'pop', 'talent show', 'uk pop']	[2019]	1	0
3CjlHNtplJyTf9npxaPl5w	CHVRCHES	['indietronica', 'metropopolis', 'neo-synthpop', 'shimmer pop']	[2019, 2020]	1	1
6Dd3NScHWwnW6obMFbl1BH	Daya	['pop']	[2019]	1	0
4b0Zi3RZUUv8QdkBkMhc8x	Dhruv Bhola	[]	[2019]	1	1
3hprnpHtvBrFI09rVHkjZZ	Nikhil Vasudevan	[]	[2019]	1	1
6EI5lmCSICOvroaH1bTwEj	Sreekanth Hariharan	['tamil pop']	[2019]	1	1
6wrAB0HbjDGDXp0GdvqJqq	Madhura Dhara Talluri	[]	[2019]	1	1
0TxBLummgAxRkxn21HrLDp	Mannat Noor	['desi pop', 'punjabi pop']	[2019]	1	1
5aL0URFqLCRbrB3cewGLgF	Gurmeet Singh	['punjabi pop']	[2019]	1	1
2YZyLoL8N0Wb9xBt1NhZWg	Kendrick Lamar	['conscious hip hop', 'hip hop', 'rap', 'west coast rap']	[2019, 2020]	1	1
79V1EiUrtTyJHQNSKXZC7X	Malkit Singh	['bhangra', 'classic bhangra', 'desi pop']	[2019]	1	1
6pU5oz09VUYtnFTd4P1Mxn	Ranjit Bawa	['desi pop', 'punjabi pop']	[2019]	1	1
6TIYQ3jFPwQSRmorSezPxX	Machine Gun Kelly	['ohio hip hop', 'pop rap']	[2019]	1	1
65nLHsd1qvpjrzK4pGbEpC	Gourov-Roshin	[]	[2019]	1	1
5VAyiDhBinVfc6RM5RKnLa	Sam C.S.	['filmi', 'tamil pop']	[2019]	1	1
4VIvfOurcf0vuLRxLkGnIG	Bradley Cooper	['hollywood']	[2019]	1	1
1CO6e7WRJvSFenmQO8n64C	Zhavia	['post-teen pop']	[2019]	1	1
5C1tex8vm00yFKTitiOnMU	why mona	['la pop']	[2019]	1	0
3bnpcWBcvlfq4hPFJjNPbz	SAFE	['canadian hip hop']	[2019]	1	1
3b8QkneNDz4JHKKKlLgYZg	Florida Georgia Line	['contemporary country', 'country', 'country pop', 'country road', 'modern country rock']	[2019]	1	1
4olE3I5QU0dvSR7LIpqTXc	WATT	['modern alternative rock']	[2019]	1	1
14HU1ikR555oozRRbVQeZg	Amruta Fadnavis	['bhajan']	[2019]	1	1
3xnffjIEcOUvK7FUu38Mh9	Jagraj Sandhu, Dr. Shree	[]	[2019]	1	0
0KDEADL3DeTLtENG3DliCd	QARAN	['desi pop', 'modern bollywood']	[2019]	1	1
1bLQBuSop3ekE5Qustj5nP	Bombay Rockers	['bhangra', 'desi hip hop']	[2019]	1	1
3N99n9AE3lO2BkbcSXR4Oe	Songster	[]	[2019]	1	1
5TWDvkVWG1vayan1QA9q8U	Hrithik Roshan	[]	[2019]	1	0
3ZeKRqvjWodGs3IenNQXio	Gurdeep Mehndi	[]	[2019, 2020]	1	1
6HZxxCq110pLMaRDOuOvfO	Nayeem Shah	[]	[2019]	1	1
3KuApSJRv5LfgbS9zDWkxF	Nayeem-Shabir	[]	[2019]	1	1
6XpaIBNiVzIetEPCWDvAFP	Whitney Houston	['dance pop']	[2019]	1	1
1INuLZXjjVbcJRyWvD1iSq	Jack & Jack	['pop', 'teen pop']	[2019]	1	1
0bG9yluCs22bj1ekgSc3fh	Sidhu Moose Wala featuring The PropheC	[]	[2019]	1	0
0YinUQ50QDB7ZxSCLyQ40k	Mustard	['cali rap', 'pop rap', 'rap', 'southern hip hop', 'trap']	[2019]	1	1
6oMuImdp5ZcFhWP0ESe6mG	Migos	['atl hip hop', 'hip hop', 'rap', 'trap']	[2019]	1	1
7hOGhpa8RMSuDOWntGIAJt	A R I Z O N A	['electropop', 'indie poptimism']	[2019]	1	1
2FPwX3Gh0w4Qr1v3zSTtcT	Papon	['filmi', 'indian folk', 'modern bollywood']	[2019]	1	0
4qZu6RDWoO4ZmEHcCW7Myh	Anuradha Paudwal, Kavita Paudwal	['bhajan']	[2019]	1	0
2lwWF2CY3jtf5jJDAKi4UU	Hitesh Modak	[]	[2019]	1	1
1QvyquqkuuwUzdszyoKIy4	Haricharan	['filmi']	[2019]	1	1
2kRfqPViCqYdSGhYSM9R0Q	Madison Beer	['pop']	[2019]	1	1
2Zi3RrdQqk63Xj0914STkS	Naomi Scott	['movie tunes', 'post-teen pop', 'vapor pop']	[2019]	1	0
4ofCBoyEiGSePFAG500xev	Regard	['pop dance', 'pop edm', 'slap house', 'uk dance']	[2019]	1	0
2praKdsjYPKh2yNXBdTWGT	Ninja	['desi hip hop', 'desi pop', 'punjabi pop']	[2019]	1	0
778Z63WsGI3DGV83Ug92H4	Rutvik Talashilkar	[]	[2019]	1	1
7qj8b5tuzeSkb4ff01h5rJ	Aanandi Joshi	['marathi pop']	[2019]	1	1
49CE2ffZ6Z3zeYSDauSKck	Tungevaag	['big room', 'nordic house']	[2019]	1	1
6ObeGN1qTsep95QRNOfNc3	Mangoo	['swedish eurodance']	[2019]	1	1
00FQb4jTyendYWaN8pK0wa	Lana Del Rey	['art pop', 'pop']	[2019]	1	1
1aQwKFn00nswXRDUDipm0K	Gaullin	['lithuanian edm', 'lithuanian electronic']	[2019]	1	0
1aSGpPSoqK592yVQiYfvXP	Goldy Desi Crew	['punjabi pop']	[2019]	1	1
2DpITTpb4v5SQtB3iA4A44	Rishi Rich	['bhangra', 'desi hip hop', 'desi pop', 'hindi indie']	[2019]	1	1
1Ixc8hKrbw01MHtuP6SNUH	Neha S. Nair	['mollywood']	[2019]	1	1
3Q80PCEUBCiRhLSWdQApNt	Jakes Bejoy	['mollywood']	[2019]	1	1
1PnnRNGfichOAfPOn5mVyx	Sorana	['romanian pop']	[2019]	1	1
6UqB7oAlyhuv2zXZTeUlSA	Austin McBroom	[]	[2019]	1	1
0TIZBc0FSCIO5oaKGm4uZ9	Ace Fam	[]	[2019]	1	1
4ehtJnVumNf6xzSCDk8aLB	Martin Jensen	['danish electronic', 'edm', 'pop dance']	[2019]	1	1
1JOdUvDAzNy3L37rZ4Nigr	pewdiepie	['antiviral pop']	[2019]	1	1
3ti6KzYwDK7GTraIlnLUdu	Roomie	['antiviral pop']	[2019]	1	1
7kfzadZaOgR90Tp8OYH5gM	Boyinaband	['antiviral pop', 'otacore', 'pixel']	[2019]	1	1
7wlFDEWiM5OoIAt8RSli8b	YoungBoy Never Broke Again	['baton rouge rap', 'rap']	[2019]	1	1
1okJ4NC308qbtY9LyHn6DO	BloodPop®	['electropop']	[2019]	1	1
4c29UldvyWU7vZpIlAkpjX	Ravneet Singh	['punjabi pop']	[2019]	1	1
55fhWPvDiMpLnE4ZzNXZyW	Noah Cyrus	['alt z', 'pop']	[2019]	1	1
5fyDppLDl1juIu1BcUT5zh	Digital Farm Animals	['uk dance']	[2019]	1	1
4gvkdged3Xw3ImXFm3jiay	Juliander	['swedish pop']	[2019]	1	1
17wXdpGNHQ2vJ1ccoToqGC	Simar Panag	['punjabi pop']	[2019, 2020]	1	1
6tWHWFyjq1e6xsPDsOxhca	Tedi Pagg	[]	[2019, 2020]	1	1
5i3cSIE4DG6LrWAb3pCeQ0	Yamini Ghantasala	[]	[2019]	1	1
0oZUBBe32WUJY1WjGzYEG8	Rohanpreet Singh	['desi pop', 'punjabi pop']	[2019]	1	1
1yLUeehqCm7X7QLRuUfZ1A	The Kidd	[]	[2019]	1	1
0sbtGmW8r5bxfXzla8a7eI	Sabri Brothers	['ghazal', 'pakistani folk', 'qawwali', 'sufi']	[2019]	1	1
5wTdspmxzb8V4ZjvDodpBo	A Touch Of Class	['europop']	[2019]	1	1
2LgKrgRJcbJlt14i1LTzDU	Amit Mishra	['desi pop', 'filmi', 'modern bollywood']	[2019]	1	1
4EzkuveR9pLvDVFNx6foYD	James Bay	['neo mellow', 'pop', 'uk pop']	[2019]	1	1
0qkE3ei6S9JhPheroVpzqn	Kaushik Krish	['tamil pop']	[2019]	1	1
6npKsb0CeJMFX3FwjKybfD	Mehtab Virk	['punjabi pop']	[2019]	1	1
1ss5KdstNdqGFAhhip2Ah6	Starboy Music X	[]	[2019]	1	1
7e10JUMF7MJmmwYpnTSMI5	Dave East	['harlem hip hop', 'nyc rap', 'trap']	[2019]	1	1
25IG9fa7cbdmCIy3OnuH57	The Chicks	['contemporary country', 'country', 'country dawn']	[2019]	1	1
5Kq8UpbqjCdPBGshVrYnsc	Davvy Singh	[]	[2019]	1	1
73jBynjsVtofjRpdpRAJGk	Dimitri Vegas & Like Mike	['belgian dance', 'belgian edm', 'big room', 'dutch house', 'edm', 'electro house', 'pop dance', 'progressive electro house']	[2019]	1	1
3wtMPMvPtiFylbnNXF6CAj	Afro Bros	['basshall', 'dutch hip hop', 'dutch house']	[2019]	1	1
2HkAI0YrEcgoR8QdaURqhO	Dimitri Vegas	['belgian edm']	[2019]	1	1
4pwXiI7Z5ZStkgKowZyoKi	Like Mike	['belgian edm']	[2019]	1	1
1plObTufEAfeL1hk8Qz24v	Sanjith Hegde	['kannada hip hop', 'sandalwood']	[2019]	1	1
3IX32wm6CoEIYovZ0VcjBJ	Arjun Janya	['sandalwood']	[2019]	1	1
7EQ0qTo7fWT7DPxmxtSYEc	Bastille	['metropopolis', 'modern rock', 'pop']	[2019, 2020]	1	1
6qjhYs5KNSoSU6fNJqDGIo	Sanjoy	['desi pop']	[2019]	1	1
7zFlr6Y537SdALqy0Xfvth	Ranjith Govind	['filmi', 'tamil pop']	[2019]	1	0
4HYqQGd6sHdPhq6qwikEix	Snappy	[]	[2019]	1	1
1rdQOMFFtoskDXXUVjiGo9	Shweta Mohan	['filmi']	[2019]	1	1
2kObkFKhEbrHb7cnSfrRw1	DJ Yogii	[]	[2019, 2020]	1	1
5snNHNlYT2UrtZo5HCJkiw	Epik High	['k-pop', 'k-rap', 'korean old school hip hop']	[2019]	1	0
4dvZ0abeUaiHm7Fu9Gj0PQ	Eptic	['brostep', 'dubstep', 'filthstep']	[2019]	1	1
74D1UgRzMhTSPz698exXmR	Panjabi MC	['bhangra', 'classic bhangra', 'desi hip hop']	[2019]	1	1
2wQuVlgFVtiq4e3e0b7FRW	Gana Balachanda	[]	[2019]	1	1
45N8QChe58Gqzfrmv4mXe7	Gana Ulagam Dharani	[]	[2019]	1	1
6SzYh3jdZpJxGulYuWlFb5	Vipin Patwa	[]	[2019]	1	1
0Mbxm07Hiahy2xSMtesff8	Aishwarya Ravichandran	[]	[2019]	1	1
2Tg0aF5cbZktYFzgR1iAKv	Julie Bergan	['norwegian pop']	[2019]	1	1
20j1uz7iDOtIvIzCr5S8nx	SEUNGRI	['k-pop']	[2019]	1	1
4HaSmpjHgMGtwS8HRkewJM	Pinaki	[]	[2019]	1	1
6EWOMj5R4Ipyv0AgMjmL4T	Sean	[]	[2019]	1	1
6WoyKYy6jUSlTtwQj3nNCn	Allistair	[]	[2019]	1	1
3XC57xz74X3xUi1hv4mge1	Winona Oak	['swedish pop']	[2019]	1	1
6LyiUcIr0wG0mC8E01kyI6	Neuman Pinto	['modern bollywood']	[2019]	1	1
2RDOrhPqAM4jzTRCEb19qX	Sheck Wes	['pop rap', 'rap', 'trap']	[2019]	1	1
2sRYoKkvb2apFZ58rb5717	Uma Neha	['tollywood']	[2019]	1	1
4OFVqZNj0INA51VvzK3Lgw	Aakanksha Sharma	['modern bollywood']	[2019]	1	1
4Q6nIcaBED8qUel8bBx6Cr	Jax Jones	['dance pop', 'edm', 'house', 'pop dance', 'uk dance', 'uk pop']	[2019]	1	1
7vXDAI8JwjW531ouMGbfcp	TINI	['latin pop', 'pop argentino']	[2019]	1	1
3tHD07u1ON4uHxmnT9rwqZ	Neeraj Shridhar	['filmi', 'modern bollywood']	[2019]	1	1
6q71Xu33Q9DBhLFSUCLMUM	Happy Raikoti	['desi pop', 'punjabi pop']	[2019]	1	0
1sBkRIssrMs1AbVkOJbc7a	Rick Ross	['dirty south rap', 'gangster rap', 'hip hop', 'rap', 'southern hip hop', 'trap']	[2019]	1	1
5icKdCmMhNMYoAzVBAWt39	Dax	['canadian hip hop', 'ottawa rap']	[2019]	1	1
0KPX4Ucy9dk82uj4GpKesn	Dalex	['r&b en espanol', 'reggaeton', 'trap latino', 'urbano latino']	[2019]	1	1
11YLRSsZA3YVuQQtHXKTlz	Rafa Pabön	['reggaeton', 'reggaeton flow', 'urbano latino']	[2019]	1	1
4m6ubhNsdwF4psNf3R8kwR	KHEA	['argentine hip hop', 'trap argentino', 'trap latino', 'trap triste', 'urbano latino']	[2019]	1	1
6w3SkAHYPsQ1bxV7VDlG5y	Cazzu	['argentine hip hop', 'rap latina', 'reggaeton', 'trap argentino', 'trap latino', 'urbano latino']	[2019]	1	1
2LRoIwlKmHjgvigdNGBHNo	Feid	['colombian pop', 'pop reggaeton', 'reggaeton colombiano', 'trap latino', 'urbano latino']	[2019]	1	1
1pQWsZQehhS4wavwh7Fnxd	Lenny Tavárez	['reggaeton', 'trap argentino', 'trap latino', 'urbano latino']	[2019]	1	1
60Lqd5e2bHRWKuCaHgzPvI	Jugraj Sandhu	['punjabi pop']	[2019]	1	1
24yPYPWvih3kVepdhiFtzb	Neha Malik	[]	[2019]	1	1
7aW4AKw1CAgzPutrhwFLQ3	Abhay Jodhpurkar, Anjana Ankur Singh	[]	[2019]	1	0
4f9iBmdUOhQWeP7dcAn1pf	Rag'n'Bone Man	['neo soul']	[2019]	1	1
3ZtRLTIQL8fGSq693vooH3	Gubbi	['kannada hip hop']	[2019]	1	1
7bxJB2vrMkzPAHRBLhaeiL	M.C. Vickey	['telugu remix']	[2019]	1	1
5ynya6OQtbgKi50xCDAdQ5	Shreya Sharma	[]	[2019, 2020]	1	1
3R8cwPSchx04GTEWkLgJfe	Chdry Saqib	[]	[2019, 2020]	1	0
3v8isPrc8btWVMF3bnOIcj	Murtuza Khan	[]	[2019]	1	1
2gTPBFjo3M9rvMSZWTk9nT	Qadir Khan	[]	[2019]	1	1
0ygVoSAqn4tgm4AgCuKQpF	Salman Ali	['sufi']	[2019]	1	1
5gEFTELaOBkv59BBTlYSkU	Muskaan	[]	[2019]	1	1
5f9WvPZOsgfPMkXPF8hnMG	Rocky-Jubin	[]	[2019]	1	1
5bWUlnPx9OYKsLiUJrhCA1	Jon Z	['reggaeton', 'trap latino', 'urbano latino']	[2019]	1	1
2LGU3PxihjIK5SUeCVcdFl	ISÁK	['sami']	[2019]	1	1
5bTYVMQ6vmt4Bm12hM59N3	Kaam Bhaari	['desi hip hop', 'hindi hip hop']	[2019]	1	0
7z2avKuuiMAT4XZJFv8Rvh	Tom Walker	['indie anthem-folk', 'uk pop']	[2019]	1	0
1UhWnma8sapUPrdIrQA0AR	Mohd. Kalam	[]	[2019]	1	1
7G9dCn1mqomAa0ucJoBm6J	Rayvanny	['bongo flava', 'tanzanian hip hop', 'tanzanian pop']	[2019]	1	1
7nRW8vEOdNgCXvSr8TOCFd	Vandana Bhardwaj	['bhajan']	[2019, 2020]	1	0
6nmrEhAdodPuhMLMbefluW	Singga	['desi pop', 'punjabi pop']	[2019]	1	0
07YUOmWljBTXwIseAUd9TW	Sebastian Yatra	['colombian pop', 'latin pop', 'reggaeton', 'reggaeton colombiano', 'urbano latino']	[2019]	1	1
6wONmhCUY7KbDKabub45E7	Avneet Kaur	[]	[2019, 2020]	1	1
1moxjboGR7GNWYIMWsRjgG	Florence + The Machine	['baroque pop', 'modern rock', 'neo mellow', 'uk alternative pop']	[2019]	1	0
5qa31A9HySw3T7MKWI9bGg	FLETCHER	['alt z', 'pop']	[2019]	1	0
4jpsw9CQS439N0B7SecMgf	Ant Saunders	['chill r&b', 'viral rap']	[2019]	1	0
3uZFBSsMiooimnprFL9jD1	Snow	['canadian old school hip hop', 'reggae fusion']	[2019]	1	1
6xikG2kDoIZnB78TBPXlkj	Roll Rida	['desi hip hop', 'telugu hip hop']	[2019, 2020]	1	1
5a2WF7juQ5oilpZCqikRtP	Rahul Nambiar	['filmi', 'tollywood']	[2019, 2020]	1	1
2a1ts2wPvq6Vif1x7KJV7a	Lady Kash	['desi hip hop']	[2019, 2020]	1	1
0DfkTmaYSHh3urEl71R9A0	Blazee	[]	[2019, 2020]	1	1
22ZmC3iqFbaVqcDgcquuZj	Dj Emenes Mib	[]	[2019]	1	1
5E9HBJrSGVtjP5ryhOuMxn	Hardik	[]	[2019]	1	1
2ECA51juFyrh4DAuc8FucP	Gagan Kokri	['desi pop', 'punjabi pop']	[2019]	1	1
6t9tbRO9Lv6Oq6xtVwfdrn	Theresa Rex	['scandipop']	[2019]	1	1
2fid8fvl0zMVwiBnrTCkpw	Rupinn	[]	[2019]	1	1
7FaGCZiP3s6X7jQTB8EhfI	Naresh Iyer	['filmi']	[2019]	1	1
6vPXtLmNd3mW0dd1Rb9eQ9	Don Patricio	['rap canario', 'urbano espanol']	[2019]	1	1
0jeYkqwckGJoHQhhXwgzk3	Cruz Cafuné	['rap canario', 'spanish hip hop', 'urbano espanol']	[2019]	1	1
3xXcmm9Re8N2sC15Ab5boo	Goldboy	['punjabi pop']	[2019, 2020]	1	1
4fuqdtyYgRWVK3MszFFptW	White Noise Studios	['white noise']	[2019]	1	1
3oEJM6BrpycUL5L8J5YXL5	Dilip Sen- Sameer Sen	[]	[2019]	1	1
7nJNuftnqwrFGFs3ZRRe0u	MEMBA	['indian edm', 'traprun', 'vapor twitch']	[2019, 2020]	1	1
0D6BtvIkN3P9GHTa8KR24t	EVAN GIIA	['nyc pop']	[2019, 2020]	1	1
2gFFvbbdzYzzWltI2HkZEV	Nooran Sisters	['indian folk']	[2019, 2020]	1	1
27rK4pP0VMqWiRe7pamKe5	Abhay Jodhpurkar	['modern bollywood']	[2019]	1	1
1UHgzvQ7MJB9U2qlRtUJGo	Ishers	[]	[2019]	1	1
50JJSqHUf2RQ9xsHs0KMHg	Jon Bellion	['indie pop rap']	[2019]	1	1
5o36rLQd78Zh8CaT8rn59d	Shreyas Puranik	[]	[2019]	1	1
6eVWXmKBW7Iltub01D9R1c	Valerie Broussard	['bossbeat', 'modern alternative pop']	[2019]	1	1
6xvpfMjWTougrRRtK7iikz	Mason Ramsey	['contemporary country', 'country']	[2019]	1	1
0TnOYISbd1XYRBk9myaseg	Pitbull	['dance pop', 'miami hip hop', 'pop']	[2019]	1	1
2vMpQSWmDkQBbcZ0cXrv1v	DJ BLACKOUT	['punjabi pop']	[2019]	1	1
2yMuRvcpgDAJ3iQSAVmafm	Dj Money Willz	['punjabi pop']	[2019]	1	1
1vbqWQH2DNjYqkBNMpmeD1	Farhad Samji	[]	[2019]	1	1
3Ma3jCLuyYvZCELx5WQHCd	Sandeep Shirodkar	[]	[2019]	1	1
6USv9qhCn6zfxlBQIYJ9qs	Dominic Fike	['alternative pop rock', 'pov: indie']	[2019]	1	0
3bWIy9AUrQdiNeS62Bp3OP	Shae Gill	[]	[2022]	1	1
3NegWDGp038A3FIi3gSYzl	Ali Sethi	['classic pakistani pop', 'pakistani pop', 'sufi']	[2022]	1	1
6MDME20pz9RveH9rEXvrOM	Clean Bandit	['pop', 'uk dance', 'uk funky']	[2022]	1	1
6JL8zeS1NmiOftqZTRgdTz	Meghan Trainor	['hip pop', 'pop']	[2022]	1	0
13U2oRt6izgyRfuSBbeMTo	Deep Bajwa	['punjabi pop']	[2022]	1	0
2FRfJyV85zb19tO6uiXBGl	sped up + slowed	['sped up']	[2022]	1	1
0JSCWkJNFGt7o4YbYcplQ7	slater	[]	[2022]	1	1
1JIPdCqj5nSYLwHHD4vS5v	Rajalakshmi Senthiganesh	[]	[2022]	1	0
67MNhiAICFY6Pwc2YxCO0K	Elley Duhé	['alt z']	[2022]	1	0
6HWLgNliaSzF438T7Hk755	Jahnvi Shrimankar	[]	[2022]	1	1
2qs6QhyW9EGLaD9d3XKGeR	Dipti	[]	[2022]	1	1
28158US0Sov816JcVhUGVz	Pragati	[]	[2022]	1	1
0ZOgFq0MwvVRl9V70yhz3f	Rucha	[]	[2022]	1	1
04yw6jIldqUYBFzYkYILat	Arohi	[]	[2022]	1	1
6ZfDJaY1IBhPVkUIjErbnX	Archana	[]	[2022]	1	1
6PdJJhJWHFRtoERTQ8JGq1	Navaan Sandhu	['punjabi pop']	[2022]	1	1
3HVwgnV1o8772u3BtdhcHF	Arvind Venugopal	['mollywood']	[2022]	1	1
6J55JJLiiDssmpBl3El8z0	Amar Utpal	[]	[2022]	1	1
3gIRvgZssIb9aiirIg0nI3	Jeremy Zucker	['alt z', 'electropop', 'pop']	[2022]	1	0
5t97rjifUl8d4HNwSzbCv9	Darbuka Siva	['tamil pop']	[2022]	1	1
2kCO8LXN1usaOPL3iEE28I	Tai Verdes	['modern indie pop', 'singer-songwriter pop']	[2022]	1	0
2W8yFh0Ga6Yf3jiayVxwkE	Dove Cameron	['pop']	[2022]	1	0
2IP4wcE4hRbDi1zdV8Si6g	Jaswinder Singh	['sufi']	[2022]	1	1
7F0SYkO9wyNY0aJFD2C1bD	Ravi G	['tamil pop']	[2022]	1	1
6Tbn00OQg5ZSjtvHOez29z	Divya Vineeth	['malayalam pop']	[2022]	1	1
3AVfmawzu83sp94QW7CEGm	Astrid S	['alt z', 'norwegian pop', 'pop', 'uk pop']	[2022]	1	0
67lytN32YpUxiSeWlKfHJ3	Yung Lean	['cloud rap', 'psychedelic hip hop', 'underground hip hop']	[2022]	1	0
6HaGTQPmzraVmaVxvz6EUc	Jung Kook	['k-pop']	[2022]	1	0
0wEvWMQRqaXcgnrZv6KtyL	Spice	['dancehall', 'dancehall queen', 'jamaican dancehall']	[2022]	1	1
5EvFsr3kj42KNv97ZEnqij	Shaggy	['dance pop', 'pop rap', 'reggae fusion']	[2022]	1	1
2AQwMDyDvgpZcHLITOpgpm	Adithya RK	['tamil pop']	[2022]	1	1
5PVSEFUT4Inqu3yEq56Ku9	Raghav	['hindi indie']	[2022]	1	0
217YiebQLxLOSubsItInzR	Blamo	[]	[2022]	1	1
1r4hJ1h58CWwUQe3MxPuau	Maluma	['latin pop', 'reggaeton', 'reggaeton colombiano', 'urbano latino']	[2020]	1	1
4pADjHPWyrlAF0FA7joK2H	Jay Sean	['dance pop', 'pop', 'pop rap']	[2020]	1	1
3HqSLMAZ3g3d5poNaI7GOU	IU	['k-pop', 'pop']	[2020]	1	1
27dNKsHZrQKGnAlFCLDlzd	Mahati Swara Sagar	['tollywood']	[2020]	1	1
0liUJ2xG9JRPSrYGZALfgX	Gurinder Seagal	[]	[2020]	1	1
4Z0t0LHjOjFRiv0mjBw206	Aditya Narayan	['filmi', 'modern bollywood']	[2020]	1	1
2TmWCKfrFiN6j5eBcIA13p	Poorvi Koutish	[]	[2020]	1	1
1DHPAIC12KroWS0mXCK6qf	M Ajay Vaas	[]	[2020]	1	1
3cDu4bMjtFHdCvDD93cDUN	Rangrez Sidhu	['punjabi hip hop', 'punjabi pop']	[2020]	1	1
4SLEmV2rAQ71Ts0qyDGhE8	Cecilia Krull	['spanish pop']	[2020]	1	0
5jyOS8L5CughATUjhDX8GP	Suriya	['kollywood']	[2020]	1	1
1t44XSPiW7z8PebleCo7uP	Fateh	['desi hip hop', 'desi pop', 'desi trap', 'punjabi hip hop', 'punjabi pop']	[2020]	1	1
7LvoDJUNGnOrPdGRzVtOJ9	Young M.A	['alternative r&b', 'lgbtq+ hip hop', 'nyc rap', 'rap', 'trap']	[2020]	1	1
0NeoPmJb4LMYLHhX8OVaNA	Shadab	[]	[2020]	1	1
0u6GtibW46tFX7koQ6uNJZ	Topic	['german dance', 'pop dance', 'pop edm', 'uk dance']	[2020]	1	1
5Wg2b4Mp42gicxEeDNawf7	A7S	['pop dance', 'scandipop', 'uk dance']	[2020]	1	1
1ek5a6JOwM1SUZMjO2M1Gu	Jagpal Sandhu	[]	[2020]	1	1
6GwM5CHqhWXzG3l5kzRSAS	Younha	['korean pop']	[2020]	1	1
08EMsXwlxsiyeC08Kjh2AS	Meme Machine	[]	[2020]	1	1
2tPR06hLUvH5aIY3JXNIxY	dutchavelli	['uk hip hop']	[2020]	1	1
4dTwJ84ivqIRkRI5qKB9vB	Amartya Bobo Rahut	['indian singer-songwriter']	[2020]	1	1
3qBOp2bo17mSbJS5Q3KxE2	J-Statik	[]	[2020]	1	1
4ShCrQz2sVNTVCU3z60pLF	BollyKex	[]	[2020]	1	1
3YewAYh7sEKJCT3rqSh4Tw	Khushank Dalal	[]	[2020]	1	1
3DmBpQmQ7ACmq2cO4mjRpF	Ajey Nagar	[]	[2020]	1	1
3hB5x7E5sQzBHuG3xiqmUC	Logan Harris	[]	[2020]	1	0
7gZfnEnfiaHzxARJ2LeXrf	6ix9ine	['emo rap']	[2020]	1	0
699OTQXzgjhIYAHMy9RyPD	Playboi Carti	['atl hip hop', 'plugg', 'pluggnb', 'rage rap', 'rap']	[2020]	1	1
1KUHZIZg4vG56ZZSLN4wW1	Shehnaz Gill	[]	[2020]	1	1
4hXZlvo1FmotuwiO3XGdbk	Prem Dhillon Ft. Sidhu Moosewala	[]	[2020]	1	1
68utQf42HeyJUbU8X9W0uf	Naseeb	[]	[2020]	1	1
03OyUdw7Xh6XC249YPXWUR	Abeer Arora	['desi pop']	[2020]	1	0
5uVjxxfwmcRHPT1q3Rw63x	Rene Bendali	[]	[2020]	1	1
3gcypsP2mkAyBI3HrIeWnx	Bharat Goel	['bhangra', 'modern bollywood']	[2020]	1	1
6bwp9ObI8FWvMPCIWVBmhl	Red Velvet - IRENE & SEULGI	['k-pop']	[2020]	1	0
4ETSs924pXMzjIeD6E9b4u	Surfaces	['bedroom soul']	[2020]	1	0
6DgP9otnZw5z6daOntINxp	Joel Corry	['dance pop', 'pop dance', 'uk dance']	[2020]	1	1
7uMh23xWiuR7zsNkuNcm2G	MNEK	['house', 'pop dance', 'uk contemporary r&b', 'uk dance', 'uk pop']	[2020]	1	1
4a5cFa2gISG9QtjELLgYcZ	Sickflip	['indian edm', 'indian electronic']	[2020]	1	1
7z5WFjZAIYejWy0NI5lv4T	Dan + Shay	['contemporary country', 'country', 'country road']	[2020]	1	1
3y0Y3G1hDwoQv48m7U6NdU	Harsh Upadhyay	[]	[2020]	1	1
5d6sKB0JbbWKiWoPDTLPj0	Diler Kharkiya	['haryanvi pop']	[2020]	1	0
3TttERM9n1ASk6Afa8Vgjt	Amit Trivedi, Shashaa Tirupati, Yazin Nizar	[]	[2020]	1	0
1OY65G9NJJHsSt1lGLZU6q	NiiHWA	[]	[2020]	1	1
6x93MmBokl9aGi8KXjdjSY	Desi Group	[]	[2020]	1	0
1kBhSLd6xrSN6AJdw9Kula	Ap Dhillon & Gurinder Gill	[]	[2020]	1	0
6P5NO5hzJbuOqSdyPB7SJM	Ashe	['alt z']	[2020]	1	0
0QJIPDAEDILuo8AIq3pMuU	M.I.A.	['escape room', 'indietronica', 'new rave']	[2020]	1	1
6i3DxIlAqnDkwELLw4aVrx	Lele Pons	['latin pop', 'latin viral pop', 'viral pop']	[2020]	1	1
0BqURncJM5B1BBu7UM51eq	Guaynaa	['reggaeton', 'reggaeton flow', 'urbano latino']	[2020]	1	1
15wMBXP3Z6VWcfFmqc2yUG	Sanaa Moussa	['arab alternative', 'palestinian pop', 'palestinian traditional']	[2020]	1	1
4Q72AebP3Suxs5MQ8ocDl5	Reet Talwar	[]	[2020]	1	1
0a3zDmrvmZcORfPeONPvfL	Rauf & Faik	['russian pop']	[2020]	1	0
0e08UZzFVM92Co4k3NCsPg	Methla	[]	[2020]	1	0
5xeLNyuZaJBjLpyjopm22n	Kulbir Jhinjer	['desi pop', 'punjabi pop']	[2020]	1	0
43iOhUGMAnS6QbPEUYqkpg	Kaur B	['desi pop', 'punjabi pop']	[2020]	1	1
7MPGCB854Qo4alYMOPkBka	Ritt Momney	['bedroom pop']	[2020]	1	0
7ksQJtsXSRSrI5306UwIgH	Kim Jong Wan of NELL	['korean ost', 'korean pop']	[2020]	1	1
24D8gx0257CDd1HAuqNuHu	JVLA	['viral rap']	[2020]	1	0
0wsuu0i3CbgYaormvhnXat	Barbie Maan	['desi pop', 'punjabi pop']	[2020]	1	1
5yy76ufVriyvidNSvXlRU1	Clever	['alabama rap']	[2020]	1	1
0Mz9BTzWvM56Ap38mJ5zpK	7Bantai'Z	['desi hip hop']	[2020]	1	1
1tqhsYv8yBBdwANFNzHtcr	Lil Dicky	['comedy rap', 'indie pop rap', 'pop rap']	[2020]	1	1
4gdceZyDR3zDWuwqLqj0HS	Kunal Tomar	[]	[2020]	1	0
3oGu3v9t2QMZhTLXm3Wb7P	Pratibha Singh Baghel	[]	[2020]	1	1
16aFAW8bLL83CmrOEfDEx0	The Bilz & Kashif	[]	[2020]	1	0
17slvN7PVFyVcRtWJchRqU	Taniskaa Sanghvi	[]	[2020]	1	1
6cwVmr4MT81cpN0pwPZ35K	Harshvardhan Singh	[]	[2020]	1	1
1ZYCMyQKFPRWYyvVnIh10b	Shilpa Surroch	[]	[2020]	1	1
3qpyErDI4i90q5EGgSRmNK	Raghav Chaitanya	['indian singer-songwriter']	[2020]	1	1
6hzngLO20cX5IGqT0hVv1G	Anurag Saikia	[]	[2020]	1	1
2TYOwwe56FMupec8zL8pyC	Sidhu Moose Wala,Amrit Maan	[]	[2020]	1	0
66W9LaWS0DPdL7Sz8iYGYe	JP Saxe	['alt z', 'canadian contemporary r&b', 'singer-songwriter pop']	[2020]	1	1
6trIghKwHRUyxwvm66HLHH	Fousheé	['indie r&b']	[2020]	1	0
2jku7tDXc6XoB6MO2hFuqg	Tory Lanez	['canadian hip hop', 'canadian trap', 'melodic rap', 'r&b', 'rap', 'toronto rap', 'trap']	[2020]	1	1
5zctI4wO9XSKS8XwcnqEHk	Lil Mosey	['melodic rap', 'rap conscient']	[2020]	1	0
5DPXmKUA7F5ZKDNww9jWIS	Tigerstyle	['bhangra']	[2020]	1	1
2cCUtGK9sDU2EoElnk0GNB	The National	['chamber pop', 'indie folk', 'indie rock', 'indietronica', 'modern rock', 'stomp and holler']	[2020]	1	1
0daugAjUgbJSqdlyYNwIbT	Vicetone	['edm', 'electro house', 'pop dance', 'progressive electro house']	[2020]	1	1
2jpQ0ywffgVHhZFQNWaWYW	Tony Igy	['russian dance']	[2020]	1	1
6Y64EaNqpqcZYTgs4c76gF	jxdn	['pop punk']	[2020]	1	0
2HPaUgqeutzr3jx5a9WyDV	PARTYNEXTDOOR	['r&b', 'rap', 'toronto rap', 'urban contemporary']	[2020]	1	1
5pKCCKE2ajJHZ9KAiaK11H	Rihanna	['barbadian pop', 'pop', 'urban contemporary']	[2020]	1	1
4Rhx0H3w80yqUMSiPfq0Cz	Isyan Tetick	['meme']	[2020]	1	0
79KQgTCu4wV38ECYKn62DZ	White Gold	[]	[2020]	1	1
4A1UTn1HPRiVQdbEW7Ikkz	Aabhimanyu Kak	[]	[2020]	1	0
0H1KzvN1KUEJKynDMqLW0Z	Ekaterina Sizova	[]	[2020]	1	1
64Bnlany1OG6esdJyOxyey	Tanzeel Khan	[]	[2020]	1	1
69As4MCKWsge98Vh3kmiJe	Aashna Hegde	[]	[2020]	1	1
6q2TUP4nBtVhI7wyRwKXxu	Vibhor Parashar	[]	[2020]	1	1
0q7fw7pC9FcW9AUfIw4H5H	somanshu	['indian edm']	[2020]	1	1
20qISvAhX20dpIbOOzGK3q	Nas	['conscious hip hop', 'east coast hip hop', 'gangster rap', 'hardcore hip hop', 'hip hop', 'queens hip hop', 'rap']	[2020]	1	1
5Rh6PMrlYoyU5xhR36YAfX	Cocoa Sarai	[]	[2020]	1	1
6PtoffEX0RiktNdmCeuWkl	Siddharth Basrur	['modern bollywood']	[2020]	1	1
0Cp8WN4V8Tu4QJQwCN5Md4	BENEE	['alt z', 'nz pop']	[2020]	1	1
6sHCvZe1PHrOAuYlwTLNH4	Gus Dapperton	['bedroom pop', 'indie poptimism', 'pov: indie']	[2020]	1	1
4IUaaQUOq1leT9ztc9Y2cX	Maushami Dutta	[]	[2020]	1	0
4EPJlUEBy49EX1wuFOvtjK	Becky Hill	['pop dance', 'pop house', 'uk dance', 'uk pop']	[2020]	1	1
6DJEUXZm0e2rAohdoZ5Voo	Black Thought	['alternative hip hop', 'east coast hip hop']	[2020]	1	1
3ZotbHeyVQKxQCPDJuQ4SU	Q-Tip	['east coast hip hop', 'queens hip hop']	[2020]	1	1
1WjexdTcXHgvlVIPCE8D1Q	Denaun	[]	[2020]	1	1
3fRSA5zbD43VMmgwW84rOo	Tiger Shroff	['modern bollywood']	[2020]	1	0
2UWTNi6LLK5lXNGzFWzIqT	Aparshakti Khurana	['modern bollywood']	[2020]	1	1
6SxJlrSOzEUo2OHtG6eqmR	King Kaazi	[]	[2020]	1	1
4etv0ut4ws0GbXBtolzf5e	Mukesh	['classic bollywood', 'filmi']	[2020]	1	0
4Ui2kfOqGujY81UcPrb5KE	HAIM	['indietronica', 'metropopolis']	[2020]	1	1
0kJO65h553i1iGsZutBuqz	Adnan Sami	['classic pakistani pop', 'filmi', 'modern bollywood']	[2020]	1	1
1IUqdWXEcx5TSmMRHMSzUv	Lo Jill	[]	[2020]	1	1
12bMjwsp9WCkVM3kscRAUE	Kaater	[]	[2020]	1	1
65pmgBULHr82D3llNlHtB8	Bali	['desi hip hop']	[2020]	1	1
4dyndZiWds3qEwmDsMYbDL	Vibe2Vibe	[]	[2020]	1	0
4vhdcJELieUUcZl5ADi574	Simran Kaur Dhadli	[]	[2020]	1	0
5tQK6I2uZ8bZUwjc2eNep9	Divya Khosla Kumar	[]	[2020]	1	1
1TpuHZaoRQMiKcMRN5DjDY	Madhu Priya	['tollywood']	[2020]	1	1
2PaZWGu5T5nHjY2xxAkFsT	THE SCOTTS	['viral rap']	[2020]	1	1
4hBCDHUWTljP6BDl5AekgW	Vivek - Mervin	['tamil pop']	[2020]	1	1
6RzPQpJ5z2JkOJlmsCVxJq	Ujjwal Kashyap	[]	[2020]	1	1
7mbCjHfFP3PTvpbU1IAOF1	Ranveer Allahbadia	[]	[2020]	1	1
20w1cujlzVI3LA0dItmMg1	Osman Mir	['gujarati garba', 'gujarati pop']	[2020]	1	1
